sqrtcvMSE,sqrtcvErrFrac,origUnitsqrtcvMSE,origUnitsqrtcvErrFrac
24.445904800906966,0.12187662563997656,83265.95507642924,0.24665315624607734
15.678136649527366,0.11290503114718312,42758.28848723512,0.17351128930938006
36.86338568055565,0.21509192105185196,109227.14888642657,0.32471633850048837
31.813486739599167,0.2140152603903729,92013.01567918231,0.32439445961599744
18.572838610859733,0.12386573284140195,60409.41363527091,0.18162263614188587
27.52416619140306,0.1623443142869373,93208.69624447993,0.30245453660870936
24.96538299635335,0.19264709661078672,68537.00248206977,0.2562515739982254
16.525331895134123,0.15221789054987536,37106.67378863912,0.20561144031891568
28.771589734891638,0.20548777630205245,81651.82745121497,0.2946107328933457
29.2251283257035,0.15834870721238606,110440.08759869692,0.2967497224535732
16.222324655936916,0.11971617650306857,41521.58022308197,0.19171732484611917
15.496563102076427,0.10498857516979987,65654.62740715506,0.19117681660035982
19.847711552091965,0.11226652374406286,72034.08737669048,0.20029020879708487
27.95541194135784,0.150223157705103,99328.57505707435,0.27484811269814696
18.230195257253985,0.10574891633625674,67745.32027716118,0.21373886502461004
19.914203339217377,0.13922937587167863,70432.53375051358,0.2391385821968294
23.183078484462804,0.1384917876946088,89502.35813517135,0.2853855893974412
19.002259174948865,0.10322199938667213,67659.39677977591,0.17334123112768257
10.031701578053799,0.07738945933692862,23398.449490774612,0.1029970356773954
23.770677469244923,0.22420656555133814,78842.38302468986,0.28537744431680856
14.13515142104161,0.0751180506133035,35365.253365272394,0.09894195531969145
29.385493902038114,0.18995776825204272,89756.92151305701,0.268435054135863
16.686182792017313,0.07809308974787683,61261.92471733862,0.14745161979059415
15.499008950661603,0.10370079461784983,42180.62933851674,0.14723763128145376
29.57088828704355,0.23026784344483014,86576.19570115239,0.3264555859351085
10.986805032445856,0.05874222472211957,40998.84703366906,0.1121694285540594
23.134994910315676,0.10857733378766248,66515.68379751715,0.20870946654363942
16.65810673112414,0.09164157158801343,39300.49931473082,0.1373728044720831
11.244670957862114,0.13502742461037154,16204.63946445911,0.12063052222359791
25.96219832860362,0.1802041621422621,94000.38323319629,0.2800960092620722
18.103126169992755,0.13167826194918925,71255.0957236523,0.22984901223876472
30.58233645560423,0.20425062475993114,100798.86595666123,0.343653133400574
29.614925009675325,0.24033275041196653,86869.48223700558,0.35067243796708986
6.7721822908589004,0.04887904681554229,21939.941574236218,0.0832617721176066
10.679051258156749,0.09784887277025316,37876.01150163871,0.17715650728979873
22.585519845830408,0.1941063225642269,95771.6079395107,0.29033402617466864
14.990973738806554,0.12412660340737171,28789.677800222755,0.14664365410314248
13.619118758740779,0.1222342719586326,29915.446540172645,0.1738402194363756
20.576822455370742,0.1341747470723394,76812.6931624587,0.24199115629196008
26.399931344637768,0.16864135924703785,65540.27103329178,0.1871217902608217
22.233357289509875,0.15276894174612832,62516.36058189516,0.23221557572481638
21.592186347719935,0.14038269732682052,82641.15680085847,0.25733725560109943
20.87872184953253,0.11015571906699677,72422.19235200822,0.1815722823897932
11.656461355633391,0.12704442815810774,29638.94872732434,0.17931556951303654
16.7434003509972,0.1283591009831738,30572.529982443557,0.1394476327042544
10.655274484573695,0.07466157488050404,36400.946974186314,0.11690395730393047
26.956229193864072,0.18019737193060278,83763.81994385623,0.2720605632284268
16.332906877389306,0.09148821178750136,51564.24629964745,0.15328840140286054
36.83539652015416,0.1828065668061073,127402.03060662995,0.30146816824123684
26.502749788399804,0.16158071737252466,78581.7537663175,0.2734253506219488
35.163071767526304,0.263970288033774,118113.61443278666,0.39300493034942313
36.64360145603683,0.2708049796687685,110854.22076082349,0.39804219563285814
9.527571842637583,0.13215393485500088,14828.106585089157,0.10196569925422894
18.641513828105733,0.16748426656408602,61757.220663026375,0.23632883218723702
23.996989771808355,0.1721730670417498,50341.93420715758,0.22800586785715107
28.311361504429733,0.16221802381873507,86270.32068873249,0.2945397676824024
13.204635931548319,0.09441249388549032,36394.18130738985,0.12212074244780682
37.73114431447756,0.234262736295603,139383.40405392955,0.3906030614537812
25.21872293089351,0.13308537022745148,98243.46495733142,0.25898312656732425
21.176373984544362,0.19456828419289385,36277.876302446595,0.24290758226483317
20.88716126290547,0.15567662777265975,62126.34388355338,0.2793904050493929
15.813506798257002,0.08866149799756835,54667.43802376529,0.16544566820836296
27.474064203525792,0.2593970282187771,95222.61943716962,0.3336413980680193
17.41711287835644,0.10557756972113876,57313.80134799134,0.17049410484631952
20.792247785757773,0.11383326630044543,65121.039736951236,0.22289256317846576
23.370516315882224,0.10439945895790823,95388.48443404652,0.22062848027809295
13.389844454638098,0.12445280239348694,44821.864712593546,0.17630162968595614
18.02671818327633,0.13818118939854176,46607.87833386966,0.18909138007281098
29.498506544084577,0.14493321676632887,97237.62243127551,0.25801270927972775
18.902101245191616,0.13593919407954774,77830.12691140322,0.21617116900772432
13.77388700932825,0.11048664750433058,25697.895609244,0.133740888326868
23.19821960988551,0.14819136620671225,88827.09166231207,0.2932189797979619
13.662891119634306,0.16025987696292837,17096.633595553853,0.11658968441087103
7.023711859677447,0.05124145482613893,8626.447698519485,0.03865961674797282
32.69041386799312,0.1936712909503199,130575.07140358964,0.34597607962229576
16.430066598729177,0.07660197014308522,43285.98167185811,0.10443505858385206
18.163187526446638,0.16881971005062998,52080.95071200893,0.22226531516530887
20.37558128507437,0.12488501191502883,45896.87810260762,0.17221962056093112
16.4364357762885,0.14101856484562408,59862.6484330207,0.2509070693744656
22.77821618717401,0.13572313878599213,96716.09474683508,0.27052685847573577
23.236954682557098,0.1357293618179021,71796.63810953473,0.21634407181273235
18.953124791282356,0.13012522840836604,67681.16186471727,0.19808958065789667
26.852957893637576,0.13054259588730685,98050.31926409865,0.2699904980839251
25.760514443537886,0.2285348746878782,99008.11201774745,0.33999708015817554
17.538844022614256,0.12586566934675475,63102.98353414583,0.22925140610684794
16.13900936002759,0.12672458725310579,56969.808012814814,0.21645664646227553
23.375978110066065,0.14400022345821423,81983.87283924919,0.2711015789569987
5.907392275304648,0.04226007114736508,10478.63570197525,0.04260701462817676
22.546792417780924,0.15859387475637998,67296.27972608323,0.2049806380608767
29.905109899333343,0.16132040379717158,123541.69330717588,0.3292384961904249
30.202763253350295,0.19774719518498096,113613.79695904932,0.3548360046207209
22.093533391185378,0.11889965353731427,76488.20868864945,0.19429573750701593
27.91066311394185,0.17679033865943267,107830.60732109958,0.27016094772515076
8.891441888082129,0.06584302375582546,15649.53848731946,0.08952679791432577
34.85950894223796,0.1796910527279947,103812.47736783834,0.26722739815894814
9.753183140374762,0.08494457593397481,14040.861977425731,0.058888361431588106
17.84493727003011,0.108768675629991,68200.29203723933,0.21424609235899159
15.67149900533727,0.16099003100052736,38515.83019636341,0.27096812079919597
22.795141513532478,0.1211661349549841,65033.625070561655,0.19415463026199808
12.4017436524942,0.12627081604297938,42577.98389588054,0.1921495572172192
31.823179621719163,0.20925527092208687,113665.6817982575,0.3428777903961884
20.759440614121115,0.19325935193097962,72794.604533333375,0.29581171705760684
13.99980513425806,0.08540853459099448,37829.138910585636,0.11841213236402265
11.41432329024744,0.08037840529542722,23738.794681344527,0.10213999878935359
19.387215531070463,0.11455192803305486,69781.6871478678,0.21558321528784935
35.99770860118576,0.2553121467179296,122637.21735916614,0.3822667562989789
24.49784488267773,0.17097318721661808,74479.02159690144,0.2530382474657807
33.86443188489051,0.3459116853598843,109101.93636493447,0.5055508129407632
25.16797430771424,0.12401828624444203,99128.21689334443,0.24579160084383986
20.38133321796703,0.15949401138468244,56603.79318000308,0.20833387091891362
30.770916267971863,0.2150105148068274,78312.22492373992,0.3014685794965184
23.30323545742334,0.1636946464037086,81663.21542891221,0.26614877986416663
21.354468568207388,0.1442929077986131,93843.21744359186,0.2646118021171167
18.102568256233475,0.09853478809703807,47869.88665635692,0.13101521579851363
15.338853226250238,0.11373568591384464,49002.7220209615,0.167520308069062
15.301048415983136,0.0947061126929243,35421.41054901343,0.10930369516233827
15.08751647588046,0.141268255571523,60748.297944182734,0.23344308696522514
17.73641272059822,0.11168687798269082,66285.0929660498,0.22536093641375032
30.310117799715638,0.27282793571688413,116422.99278973915,0.43380789926648466
25.601627905197727,0.168669486260723,91881.57507155472,0.26468718314938083
15.99485525638747,0.10334974561953533,32232.72464198119,0.12499273098897326
18.11600342656742,0.10878189851781662,47871.61870157911,0.14465782833161359
30.30007347173413,0.2073280979035968,106385.41052029334,0.3707311353722919
27.0175726993313,0.1657717782598843,71905.12069046163,0.2299436173477315
11.227240320317305,0.06072673676487269,47802.0388949871,0.12662497326916722
20.22681388414286,0.12267214069542143,89912.81262300392,0.23042645560218283
14.616304899593194,0.09157964285434933,51166.764859515824,0.18411888088946338
27.74380008963997,0.20858080945060362,101835.32128118355,0.2929086464147601
24.659058011062616,0.17923581202532946,100258.64056428113,0.2886528648576163
12.697118097524529,0.09371146796787279,44102.02138546628,0.15872239029570298
29.47916346376288,0.1385022231670285,67557.66068578957,0.19478971253141403
27.213333544678363,0.15165447039820162,86358.68658847132,0.26114116409104593
19.62975087748698,0.13912867457080735,58981.151418966314,0.21611044728016732
24.018465275312114,0.2324900328455318,86514.38243703384,0.3256957359972165
18.917122031817033,0.10332652720094206,69776.88359834408,0.19239292460730725
25.157274629066084,0.12481574042902831,43599.34378194385,0.14572192055838348
26.130810112355817,0.11239983140926915,110054.75656105395,0.24681463750988897
8.451353208932558,0.07775102594995718,17455.705813868666,0.09183710618263763
8.993656476687265,0.06086872451187611,24987.515478314588,0.07614201443935548
28.642872685422684,0.13588689612755864,59562.691431646075,0.16472216079898333
21.74052525085173,0.13748709584006671,78416.95125193289,0.26512038683776185
30.757246067164726,0.17209286459281115,102592.87100922811,0.27666115937382313
11.69650757324312,0.07184405194060496,47935.661975226954,0.14456915450824837
13.030239123411533,0.09548362195269627,50074.07054606261,0.14801677133891758
20.393810212784693,0.18610163074014205,61701.99927452509,0.32764973663959707
17.84899212773798,0.10949532410001117,31245.25584404969,0.10943548329476765
21.512950733929515,0.1626998399712455,39231.219844395506,0.14930674773252323
13.674646973502462,0.10817799405933458,40027.927104456576,0.17669061018515494
30.002987751004007,0.23662810384433117,105165.07130814917,0.35902315081006375
19.314108551505544,0.11217492326993815,55315.16414711253,0.16457506822897877
22.05148035328054,0.13328042655719027,72240.72650262406,0.19477500903870057
21.723992477750883,0.16315930708536333,62094.52946092622,0.22877786516109144
19.749419875346035,0.1402157234596226,74774.83080820646,0.23370015306534592
21.606808110338378,0.1767532394253808,40805.672852445845,0.1930342842736446
14.89951398404232,0.12193285556156487,45921.566636647105,0.1735946137143693
21.599339345926946,0.1289594976408429,95768.7443442385,0.2468965864324537
16.302062007438778,0.11093671600725066,48275.34612862779,0.17708325525980745
12.068873279344666,0.0870264686222276,37638.41681585206,0.13462652349249127
12.499110200769897,0.10279970711454767,43843.56336792399,0.1582605866713977
19.433161527296228,0.11525960049902703,70050.25869759511,0.20203735979801657
23.906948471750884,0.156908624552435,69463.39430153774,0.27818662841962005
14.53777767886886,0.08541646587836908,51645.72080861188,0.14099402800625083
13.829966185886338,0.099103035541696,47578.18983657448,0.1625086644240021
17.043666342522783,0.10424726980855971,65477.274300874946,0.18740852579027042
18.31921639030409,0.19719523803472921,49205.527992285,0.3730885378565363
25.991708150758875,0.1702270843552715,109586.00535126118,0.30980470087533313
22.185539611860822,0.13114691036424342,92706.78478293946,0.26355474743818647
24.21223599269023,0.15590864419873318,94761.42510293316,0.2758892589305141
27.74562385752524,0.1651612892831081,103118.34447410503,0.3179274163244774
9.879159445330481,0.08803706177444512,18439.174617815435,0.10493070190252671
33.960961496998,0.18274208018121937,127711.66850950944,0.3084139018159588
13.162165502697935,0.10354374178303001,43689.58737793874,0.1567371441843424
19.65016145111122,0.09468096702331584,81790.33906157502,0.20305260400945932
16.94285326665149,0.08852374997727726,74762.34983597214,0.18001748202677165
20.28433394544446,0.16383693905361285,74155.96980200744,0.2688027663430978
8.368397866552392,0.08094315399824957,17197.896231866747,0.11805556653062795
19.907207645243815,0.10078657006448631,83121.35433091,0.21333096901013512
38.62275776594337,0.2645918439235803,113409.694640694,0.5011089397862717
17.802830119067107,0.19254546066767506,47402.26102294441,0.20489984148067825
32.840572458754195,0.17099601945847578,91060.41380113026,0.22211202504540606
11.804037835698447,0.07405075507022375,32510.059696779103,0.11841445389444374
10.420237233509258,0.16735105435006772,36210.656508577755,0.2850705164704422
8.888513174503736,0.07201462407775874,23647.600155411532,0.09018287090455242
29.826428350221246,0.1875400666450604,74845.7422981718,0.23050419289251012
23.39503196093817,0.17363604476628458,82103.74580406571,0.27511051703789274
8.476691799200523,0.09248227695957136,15191.509488105776,0.10613483811884346
10.24708119560173,0.13066364663675298,11138.725607555412,0.09992716470630325
18.030433036731214,0.1227534759065169,47573.20167420228,0.17556278554752056
11.633953218272307,0.06882555407914609,37837.42386067461,0.13248225189491736
26.4174293407858,0.28777824478506947,72686.43908389892,0.44019842612400156
22.93051460542916,0.16091363405707473,86264.84480501096,0.2944108393647347
12.924840416490476,0.10119732287298325,49203.55738086188,0.20070725396973993
31.243956844155058,0.17035003630541862,131117.14390787767,0.33143982049639836
34.036178382283985,0.18832061389989743,125607.03695782785,0.3552106693246176
8.518644145350736,0.09812447484008874,11630.508833381087,0.09303487973979342
16.079805106411516,0.09407246979133242,55873.09820629558,0.15732992755415512
17.27617105557045,0.2010926463555542,14774.343848636283,0.11103799298150438
21.475531341317698,0.16521451201145385,88769.94764616046,0.29097012108755127
30.381285265569144,0.15367824147086415,113419.41748856039,0.27639443837126687
47.34205335075809,0.33654611808319757,169149.02392994476,0.5078100054815297
22.569431906397842,0.13562114166222913,60431.4832002246,0.20340468163054146
22.39802085211725,0.17431538654791265,70472.34294208947,0.223632881815048
17.425368471848774,0.09839501936974239,75928.37954791078,0.20800210996544624
11.40618096717751,0.06894773576235871,40818.039057817965,0.13366327268615374
30.130614145465152,0.15079350662503876,81400.2168906064,0.22677335946831217
25.01496697522581,0.1259532021428473,78383.8193424459,0.23238170904397257
17.584876831435164,0.09086487673124205,66468.7881124417,0.18995562858540135
12.350920305916782,0.1273994319934337,42850.05955525322,0.21138818976525695
13.193795647533946,0.11353246724626645,33262.36143589994,0.19011009048794272
6.093107363121498,0.05413548647252734,8524.314159915122,0.04786857120971294
16.672830766243344,0.14603788175278523,64397.4921359046,0.2774265859419954
20.978682458576856,0.10094272693738503,87270.38964368115,0.2084530545370259
16.446257242109937,0.1297461183025237,62170.007900848046,0.2385175101587376
28.402233777137855,0.23295768196967856,82465.43536701483,0.29618551759331463
16.84034953168053,0.10840474373815706,62603.38768676783,0.1922257231919765
14.868473732897225,0.10603904812922806,50033.938560265364,0.19209465991915076
21.72862064362963,0.14107986048271617,89878.57601046441,0.25473273780047356
16.940380663148378,0.08935322645172775,38555.50043678823,0.12382030576740073
18.168880207868806,0.2060649646769431,62938.018213627765,0.27748198375400396
8.392201621364038,0.05863919209645668,21396.095097887537,0.08369823144610859
25.24388856293477,0.12486755151483,102233.36644748591,0.2615520479806734
21.648409817810638,0.18315033386404195,76524.41707805393,0.277417953668255
20.958788110716856,0.12719817065732264,71583.00558661214,0.2179540942770783
18.507583977418072,0.14477843277799363,60050.4763013238,0.24638416137358224
30.303869967322246,0.18321456720518303,108160.16487135203,0.3361537156299364
20.792485987029348,0.09971626193170795,74641.96512856841,0.18397089813119927
16.009095177301923,0.0900691596366896,62302.5478970672,0.19734918244885163
24.890046754072788,0.16474289402661005,74381.24027321136,0.23831208182094923
25.343949021424876,0.15320721168869927,85900.77069213077,0.2708386986590577
17.6731671945532,0.13312126420288065,46403.06674717957,0.15626652485042888
26.47257045050729,0.1825969022621901,72462.24937687647,0.30451711315488983
16.302850047799836,0.10189757584086748,56932.501039909046,0.1810047764270776
31.29319960139892,0.19202889461726175,149092.76646420022,0.35538726012538085
29.445707712157947,0.2226820811248457,81810.90477420411,0.28030453756928264
27.222674066588468,0.14384288618967794,91481.83095252863,0.25716864604747075
8.963998309312574,0.08054425260001781,28564.79890193073,0.15653718321246543
8.562979776513389,0.06683244758043604,27113.420375380294,0.10004111314072521
15.58548061841098,0.10150041664548157,53891.13726210009,0.20252303331308572
28.613941779918594,0.20435765293404234,97576.06075950986,0.30965440832844277
14.107338946979741,0.13079521115554502,37856.9515084487,0.16301900252239224
29.649333541548124,0.21396269266130463,90019.61155491519,0.32467620207986747
17.13930790033132,0.17322641080157597,39579.680369091606,0.21075935047366856
5.080357972606663,0.031211722314211723,14719.079786670689,0.05059339736233415
7.25939385121238,0.06861744036389193,14519.2937735429,0.0874105027630092
20.481384159995756,0.12861550991301157,49607.00839464656,0.2118420611976776
13.236304757902225,0.11527091972944861,35697.9766323598,0.17063693696042076
27.50784908871452,0.20675804916493826,99081.22541416093,0.3027954047557287
25.168624380875514,0.22036297049835507,93282.84509113927,0.3818500252800387
12.781954280326438,0.09245955749045331,41898.38418311626,0.15450308191029682
18.69883371528419,0.29432873452516634,25288.56459658938,0.26661357915667083
26.051920666626057,0.2172976202934026,78922.5471476838,0.3336552238830743
29.634665478823855,0.19921144933474572,75184.56943713469,0.23185030755092043
21.14520724499207,0.14983075244545224,81035.41009038498,0.23021048680048073
27.14481213516507,0.15048232724044622,123497.60238595192,0.30092739822034115
30.539129899376952,0.18944383427520348,125597.58306412812,0.35700443937346255
26.93470856773864,0.19219108686445108,101414.94336190744,0.30947419610390436
28.34053878382749,0.11691915943825215,104681.03694118341,0.2514787378486771
24.653211865567993,0.25039772028772944,64563.158361686255,0.35910871508924214
32.943737798548455,0.18336830630247458,103609.95519058517,0.2777323198592489
23.866008056063922,0.1472106563598695,79417.10292001448,0.2094771458977039
16.52802617519592,0.09536530877319815,41986.577859798526,0.11591811539046737
32.646802923758706,0.2218111746371132,71476.63243541868,0.2275024134876711
6.338173630526269,0.07749860713888249,15670.345364435156,0.08733337102803834
12.878144679005475,0.10762748020053643,48410.87660875132,0.1558500780132068
11.725130217808044,0.09561084746475797,36307.37875621831,0.1299871108611914
27.111500404296237,0.31290119932495947,77130.25891790034,0.4511622458344734
14.875288740972557,0.104072173884386,55547.22881118588,0.1785890260461051
18.052497175629348,0.12523072191999196,69523.38507040433,0.19513726034692191
34.35884328019566,0.23325801383432498,119515.52570798989,0.3805810163195516
21.735843242672825,0.11336412055140734,53160.42290332505,0.14096359170634493
22.38843329646061,0.14238684277800515,80120.10796141587,0.2718019365137193
12.481449955446424,0.07519015909902788,46896.82831910789,0.13978991689346135
21.223686569545947,0.16855533750308793,39623.541006865475,0.16987989189300173
9.720069109044061,0.07119102575104536,26989.88309254876,0.12115206490113563
17.291663702880136,0.10983175570218114,60894.97046966279,0.1864422193072816
49.66105354526098,0.4230424884352043,192668.18684055493,0.5300656219895322
17.42339853392522,0.10008415597392865,69799.65974130564,0.1875083763318475
21.660061726286916,0.18325938749566087,74194.70120540894,0.3576945964518007
14.331048527999766,0.13385098586629668,45501.989329620905,0.20059180216516978
27.495711800617798,0.20629018631773208,80439.58620027907,0.27968646962557586
15.937335002961227,0.10410727882699145,65787.03346567253,0.19359185795995132
22.363488186985144,0.17464101761513112,86918.86165135229,0.2630868106073085
31.30194234685509,0.22157492633008646,96198.85730464551,0.30998881693272606
17.54290552839015,0.10021621568368175,59232.85666670046,0.1813756660541906
12.550127401248208,0.11047087193798767,21580.657228935816,0.09570475772504487
21.810909786641517,0.17398297095807716,71782.21735267832,0.27819467157460953
19.68828263200897,0.10430237060667596,58273.02152391319,0.16868645596966922
16.26917173596788,0.13318372742160509,50136.436852726496,0.17461841393323133
24.675529852038075,0.13370154330673728,93548.56623302684,0.23900684463304264
12.303931700991443,0.08189241811512726,9199.171435212416,0.041160708722437364
23.574375381570476,0.23156424570059314,74081.75758743045,0.3030333300364302
30.363311675415535,0.16908538703653705,117086.18824411325,0.30100539851022423
17.94803950228861,0.0984007127400596,69445.75425414873,0.20655666019881894
23.282650304531376,0.1304130569943811,89451.60169906344,0.260595897641487
14.56580539137647,0.133975456417663,52043.598568363035,0.21460056036455535
18.51592525039042,0.14893717782182525,55246.53072782032,0.20346204961261843
27.92610496714098,0.1324292358000989,126972.16352032048,0.28849078513894166
24.48909829765589,0.18626577090919313,73383.98542753076,0.22193330601828606
41.184600303331045,0.24287600028308343,149644.96856219994,0.3986969358524295
10.948811779884627,0.07689016294459348,43392.73067474058,0.1380174015190578
15.980176775440826,0.12533514001918789,58521.71574398224,0.21761002306873325
21.296345622977224,0.12483630469044023,47555.5000314425,0.13753400605631783
22.707490437162377,0.21924925320593613,72608.0541415632,0.3127587593006172
14.955881356487604,0.11106706897087822,42122.75319148348,0.1597877769562888
29.93557340910301,0.27625832590327887,99868.42107251937,0.4420142005126399
8.94684524691212,0.07909608261091644,23608.765260277643,0.11276867974824811
19.23966743386391,0.10680242315677864,51859.923677118495,0.15706038509873252
13.579824979140724,0.06133828531576358,47720.565722505475,0.1175236576949528
47.79285725285217,0.1950759906474848,189911.47281699325,0.36842222230428656
14.932786055909089,0.14195125005803116,15172.663171073418,0.11908728725836698
16.499268139204,0.18388221935365334,68659.02281123171,0.3101581218593265
8.98236873128004,0.05527287123687394,17311.86022880523,0.05773741698426186
10.306428517692252,0.0662805368455997,31542.339377680055,0.11916977233803808
14.078407938399582,0.08544469112077324,37109.38522707173,0.12635849251607173
16.033931730006174,0.15133401706187563,53015.32208350511,0.22988816473736365
17.59434407681308,0.1399725727096685,69325.17150677585,0.21224507376356658
14.587617615633807,0.09869699576595717,34082.83699281058,0.14914637055024993
28.544490515211248,0.1723297334276595,107934.61718685312,0.32772185125726433
31.341210140065197,0.28072269307898523,74479.32412872402,0.28925142037752555
34.96292143510929,0.2719850390586622,103158.14810895444,0.42380982307986376
18.777726503182706,0.09187582229463899,55902.60924477705,0.14834752396083065
24.256296331856657,0.11038186867889978,88418.76960867696,0.21687072840866625
20.370768520798073,0.17719582571308887,53768.207276596404,0.28385477698968437
24.485222604303715,0.1649899797101989,98407.40315405201,0.28039337477240656
14.555804520794492,0.11255849521999059,45490.76882245723,0.19816793791935897
21.64816292772121,0.14197513106818438,59567.36525926021,0.23209586015668449
12.03268337551416,0.10201868045147987,38896.35843906388,0.1631823730152006
28.361257811295644,0.2540596751511809,65638.81257464968,0.3321283901776853
13.243976990633055,0.12937534362865188,20096.99944103248,0.11818227491421274
23.417148638681034,0.14768063803620016,87229.952336966,0.23887584068901327
15.974157605267553,0.13925821733315547,42339.33083556252,0.1661023951611992
20.648126226958674,0.1402903643096964,69951.7342597887,0.25175743802742645
21.491457921550115,0.11169255875406091,93024.96182576228,0.24281122662676421
17.537040398808006,0.100802555869996,75978.46840726947,0.2028967378993012
21.642828311246355,0.12568609558882415,81112.08826508124,0.250973277043478
25.358823872865738,0.16446372764450026,104819.94770007592,0.2914852158902319
20.37490450138415,0.13630090210399196,35621.30729437184,0.1385598308792922
25.737947508368865,0.15419027714525446,111145.86780632702,0.29141436491773237
16.940875007612284,0.11247001486763365,39648.557786359095,0.16060696556915724
10.211505120969504,0.1301655374055546,25100.996189711852,0.19566112535534744
25.305590638051616,0.23203517674470156,77282.38084013139,0.3768537304672107
34.97798813746575,0.18808750713918249,109076.76062466418,0.26443590056475724
25.04120529912847,0.18203586412681422,77250.88284449898,0.33027001302522424
32.84270788778348,0.2649258061050646,109780.41755597622,0.34489761363155547
29.860908269726867,0.20517550513950267,52298.01718307691,0.22079147134114313
23.91443151552399,0.1601150850236485,85676.78636580885,0.27320633713959275
13.262258093826652,0.11918261470126902,40726.59329076815,0.21566391084627085
18.64677159244051,0.0967316832368922,53112.62057224966,0.15514034294010642
8.80910704383267,0.07942385901745194,16100.558919882813,0.06985847868532674
27.688094570298137,0.1802024636175428,86563.04664193162,0.2797722935199579
16.02750791331651,0.12413353904354515,38023.43294189184,0.15031756457833062
22.326174444749732,0.12061809138897257,85420.28279423527,0.22107013292515937
29.082128203185153,0.16579084145246148,109766.86804360771,0.3021267917582046
13.859346422486741,0.0884264428738338,16131.515779948006,0.07984317238071809
20.71495347278227,0.14042291265252083,68661.49372198667,0.20000614741511175
25.661071507774786,0.17072218231477393,70295.46553820194,0.2273877918126891
12.834702896776518,0.07159781483563402,34011.5282736494,0.10492826143882085
17.189997538307093,0.1252431950326975,58527.42138758022,0.20329803382251052
23.89354951619965,0.1199752880536613,84693.61332688018,0.190854360147257
19.142192492429793,0.0910927420399176,81771.10089077702,0.17644452584351666
16.207896435709,0.1043936313365533,59408.54331496046,0.1939314073863219
13.230865487977526,0.07659031688828423,37909.418538399696,0.10770290722042426
30.11748936138321,0.2263262128497086,72234.34780332977,0.29200938765228784
15.901371955815238,0.1402126916916672,25241.025643529338,0.13091284084563082
21.89977771069116,0.18668350122459393,64046.11434868722,0.2687984972134847
15.399409611179719,0.11467908104114073,39332.35367779668,0.1816196453788973
34.93538582121999,0.22122622576868736,103318.76963027091,0.4026870925671838
20.668609881963775,0.12757062561517105,49212.29346268532,0.1710335769052299
6.860182603614995,0.06204220996200419,11696.90727071407,0.05209905076808142
34.36327470677459,0.19908180889470226,103635.02567175365,0.2984628118233171
16.727558821842305,0.09396025529159656,69607.19093265285,0.2003806777561076
23.633591799230988,0.1596982321621773,82476.68098136324,0.23472466625822302
19.631380666073227,0.15180267402640862,44083.05254348631,0.19813863120014225
27.521071892222984,0.15057630456309412,88675.55516244275,0.2654937973116407
12.484824650764555,0.14671122145092833,21761.266590436753,0.2046372435700567
14.35813250686506,0.0703058709152128,49155.79771143319,0.1258582286591373
33.37324795080497,0.22140162131704005,103029.08154719046,0.4065160011578966
10.218409538913336,0.07735541265158197,24979.253169316475,0.12185310490043948
18.37426663089875,0.12501476297359718,41201.082355012746,0.14801579830463485
38.0509452215987,0.21375136203023093,156717.14706560047,0.39239226804747046
16.128983259365416,0.10629731573414372,62349.61222412157,0.2162331062552483
13.081888819395328,0.1169173824124017,35370.10907437421,0.15194712450402348
15.940265028470536,0.11348143334952705,44399.16106375333,0.16491257665759101
20.199553242038373,0.13510325663140316,56529.53491807637,0.20380633769221732
17.11413568011359,0.13132999785468796,70147.68690361973,0.2247532499720816
21.193868129710484,0.13399409338809307,52730.03438212985,0.18140351091959198
9.231660597184824,0.07173285017137392,27372.788586578215,0.12473240739354438
13.273017088421122,0.10148313685925643,42269.28333150478,0.14150560186112768
20.618699759652774,0.12344958915783297,75195.29510867268,0.21726165004562015
32.360687792350355,0.16874930901636304,117557.57413972286,0.27885930274430465
11.008714631405413,0.0794785902332742,16902.98083178663,0.08787422738516763
14.737035682939434,0.08550253589560247,53780.99747571544,0.14289068242987232
25.13551553203129,0.17168511873326353,79164.11558639305,0.29950803373565604
33.0531072149188,0.23621885069344956,108444.94752333063,0.2954194615929545
32.87133414871665,0.197959677106761,93673.24394590237,0.2990406171910818
16.677683112895927,0.09429581281774185,63536.386887163295,0.18676730192248456
24.998683193901325,0.17088418510157893,105078.40595710932,0.2962639322791703
11.845418613310583,0.06867611138842525,38734.103886445344,0.1236754304639796
21.591627154869546,0.13140400058096555,58642.093039487096,0.17147848138270277
30.18070172505547,0.1571692208159364,94633.36521829588,0.2702766389996163
13.371318809770782,0.0904634195316161,33928.609877877985,0.16045394131155563
15.53898574225929,0.08829408570131787,54533.639444795896,0.15435829655954342
9.90196759784713,0.09539453316031987,23418.57632451669,0.10977582166359362
22.97239160316008,0.27724854470361254,71580.61138620273,0.46270499588630537
28.378176585566777,0.18274654063213014,104316.68804217137,0.3150206716665136
27.375109044913046,0.22159871623047886,93722.91238093686,0.31896678224206476
23.894204089212465,0.18293097888419382,82145.21717148168,0.30221869393057627
31.007039561371382,0.18141084549637784,112712.61713633814,0.3286105285085968
16.29094320347327,0.08683920405401623,48970.262876971836,0.15235033167542816
12.348451575818638,0.06377972558187453,47620.76706711231,0.1281617912948873
34.391080013159645,0.20137495093472782,131429.9003609368,0.3706975448297515
12.346262492579905,0.07280637681116968,38460.869358710195,0.12598120505410593
17.183905332406358,0.10621325280167007,70588.58059037158,0.20153006521329486
13.441176047587385,0.11498438255870826,26485.823901583386,0.164173666115162
17.12366562981345,0.17080581675232653,31691.889720515883,0.18289900007593615
23.34169804615834,0.14195562603088377,48111.9527358906,0.1623389045120017
11.118119583214176,0.10706501835339038,30534.408520999586,0.17327616118690176
21.97804557606863,0.1552959070511979,67807.30797068546,0.23332626206504334
33.74910858841869,0.24986545911292005,124799.78968404194,0.3941662518288396
11.435498264004197,0.06902474949847118,27958.58416662289,0.10441774170658492
24.09818229646411,0.10888947153374652,84822.51587780603,0.20745374116220414
30.93529484126704,0.18171304692681725,105736.23631512046,0.30928561058987614
17.22304574707584,0.14228228064877296,41354.8112166071,0.17385815440886834
43.64612366867147,0.22213554929229634,159212.8439368245,0.4395397886355327
22.80663720550065,0.15070936345122263,79551.42173378094,0.2685303978250264
11.836590622070778,0.08129349379196864,25708.26992406565,0.08830644211579038
10.228432304467187,0.06166163808347821,29772.498224984916,0.10529553778186153
12.864238145637536,0.10091315195011863,38643.90353568803,0.1399320530289522
31.5837500060786,0.15940833045768046,104594.39431491937,0.28932940210849323
20.320764957003966,0.14533720519998442,58417.296422613974,0.20933371028103145
34.74315771846375,0.2590794116039499,110757.64163452796,0.38622256725615517
28.325605474621792,0.17877591138622326,83300.54501347178,0.26285548175042867
15.408679601927528,0.1361797849444716,47147.61606081393,0.19887157209978076
12.244851684683256,0.12990954163066887,31069.942245376616,0.1681557892196907
26.270955343609295,0.19340869758945384,77286.89757492892,0.3122653555531379
28.27530834626435,0.21418563698825666,83182.28199114956,0.3279310992267659
18.76345090393209,0.1415401951015797,66235.44490778334,0.2094338691024011
23.806698600975057,0.23889492012013805,57242.469718089545,0.2818656668239482
12.803304649746302,0.11972834090266066,39162.95651290414,0.16283372603866497
12.301275210868761,0.0967491646150643,20713.743345593943,0.0991519385412399
45.77739071554507,0.25169970740034836,172911.4633101485,0.416903824269405
29.706207577732528,0.2638849860768216,106069.6353713367,0.3586084751543369
21.85395968549306,0.17032081626030446,61171.593281022506,0.26854495090386515
17.706374977693752,0.13875052199877874,85014.43978271961,0.23654579517444857
23.6109937041859,0.25737944616347413,79902.02465570049,0.4123863197168708
25.227160851408208,0.15589734401580244,79986.10950646718,0.2722648380777753
20.83551040456569,0.19762643611121786,65170.8008134795,0.2938703031062678
21.795719713003542,0.1847461694309976,65313.88358349546,0.32965092147567154
30.261159823587914,0.20885981711364243,98091.08740786853,0.32407060295839746
28.54507229147535,0.21776787461713557,77079.00952519201,0.3197248141697672
33.540673496077815,0.2000570720159407,119518.68017012351,0.28646379736263117
7.001389204450872,0.05440928061573838,13209.171003470046,0.0617940469564589
7.514938548523768,0.059113875809060246,25123.584207076714,0.09705620696862721
11.632289580901684,0.10703927397088958,26414.706024557192,0.11643894107822368
15.22547370819911,0.08386158259929141,59721.933843589606,0.16370705359758464
19.281766272181986,0.13974809077251552,31214.374672359823,0.12912653677434288
13.607289384865354,0.09123164467437458,34456.1714736061,0.10789173557514918
39.13423751127106,0.20182830353937858,120861.26870296095,0.34080413413229893
19.718827270687147,0.12484326474882321,63316.16438727238,0.20932274557505703
32.194523779171206,0.21041195137461524,119559.95830541552,0.32314218182006627
11.804007530525613,0.07633715988829588,20812.330106244608,0.08806325705845194
10.418695781981773,0.08357464512686427,42999.02541095655,0.1559796351403383
20.86732841006276,0.11467266385154079,60247.459678377134,0.17932016259923494
12.37752531592772,0.07720213230215063,38809.358265801726,0.15765560336678347
16.1010052369977,0.10991706479933751,49741.40526070553,0.16323195380679048
11.06993823862625,0.07876325806114094,33999.97666843117,0.0984815622119809
19.573423274476255,0.14510409655219267,71671.87218142339,0.24031103910884877
17.207144147729807,0.1023604661060176,69709.13993319446,0.19998304507619072
12.842306292136705,0.1050959080192525,28358.703316987394,0.1417447808794124
11.29709784448182,0.06482048875914122,37152.10591390202,0.11078131895926366
14.645516134573324,0.12109623023037877,33153.94933835053,0.17212577791765876
14.634885083003415,0.11494148416276076,44742.07764271092,0.20210033293331794
22.298562332625497,0.12098107122637558,71810.85369871356,0.1833395500414498
16.57837968338304,0.13836375960730443,31451.117424025735,0.1428704769245534
15.788041826785275,0.08816918299625207,67900.47717052783,0.16655797706153866
12.495357414084491,0.07723114166730032,30387.585156253874,0.10029524587805125
16.051136252258342,0.11069601848797561,72130.58745619455,0.2153746734212413
17.346338511236446,0.11015786333096665,55549.49705248702,0.17982404581055392
44.92711279353985,0.2745376503360209,178482.9414878024,0.47821146012339216
22.004645708147088,0.14176999741320576,92262.09907292946,0.28296944152484843
25.301479605002378,0.163064573911443,102648.91453298471,0.29827408777501996
12.652178553792261,0.09406409670282088,45405.82072507394,0.19246969389202742
12.310137352997408,0.092713978204676,27720.51686722574,0.10959285366928867
32.28252259484661,0.17713314846624562,109440.35188487079,0.2926028979802848
17.098924740157184,0.12735437238338307,60422.94309876378,0.23846738714056573
12.608157040036193,0.08205617548771238,40235.218417631135,0.16225774147487873
26.406957839048363,0.11927042224913859,78654.96067622749,0.19974347436618337
10.804809399254747,0.07939129497156007,19338.702284950563,0.083578876479318
17.529570904063895,0.1443800027884187,67812.6338257407,0.23628177737811176
30.636420699060945,0.278187992779157,85471.4119013773,0.4198697961615572
34.25116537592965,0.16099158273005468,111744.64016720148,0.2657715213258514
30.2807249891102,0.24221787396749592,104831.89279625876,0.3054305780188813
18.790820693368833,0.14266723821430144,54749.365460091496,0.17184462819100685
21.420691667241815,0.17935275666570127,67886.22734184512,0.2749533533368343
17.37736392202577,0.1682074007233471,62896.332624913994,0.29883846557969174
31.935705823781998,0.1661841988695836,149264.85027189957,0.3319731147550417
13.157542602747784,0.1079860606393076,29756.772296513813,0.11996458277959314
10.124074303226145,0.07835103396112215,15688.775363276049,0.05853517697100216
11.991661054479753,0.08293158244927452,46763.0148653702,0.17870989691743985
15.947242289068617,0.1371921214406386,66809.80820807679,0.22626502749874744
22.2194468646559,0.12011885248539947,80765.07509883597,0.2285516346219391
13.342477413691254,0.12436337353652867,28479.47555685053,0.23393990896692035
21.724831762219655,0.12969671369236452,81714.1322158697,0.2280959578161605
27.89678323384572,0.1809637849719586,70072.46800125639,0.26931127806096883
15.671723747839419,0.17420059389729323,29849.32000715321,0.2344539547949764
15.819353109407515,0.14436449759281042,43014.90951019684,0.24218867193000196
24.329787254262907,0.14930033796627284,90968.76218111363,0.36517177821719743
30.07116394030436,0.2014722440165852,103309.7742236778,0.33731968074775076
19.464271784967583,0.14903873947575325,75381.05007807956,0.23447089423426634
33.262039628056314,0.21415392578832543,121732.04982489828,0.38752642308264307
27.397199441648507,0.13995236291074825,96754.64299725728,0.26507274104642486
28.056015172391987,0.15634293252140688,121734.01804475384,0.3111279845007067
15.585914950861856,0.0946883093745007,39477.24429529346,0.11728583184707572
12.9004376029838,0.06869340779106847,42631.3124336044,0.11214227454938437
39.22524313818506,0.24399208651472984,125686.51865997235,0.4084548273867475
23.76565249080151,0.14293509962054446,100260.74159522454,0.28536028488919324
20.04280211240014,0.11108609830606654,52561.81239065557,0.20089206568525883
28.066817628842355,0.16119997069007896,104329.2638602556,0.2872622544491168
10.00501771362531,0.07446607687314379,31459.12245992542,0.1284289858886241
31.815639917890085,0.190273063287527,123528.4462373511,0.3509337997820506
20.50292208886213,0.10581202736954327,76596.23237756557,0.19433460642970035
15.235547426267175,0.0962160586203825,54835.63921918949,0.1850777683749166
27.079925239874644,0.1588250145377496,84802.94343617729,0.23373267154125446
25.643575040787077,0.13293321373103872,80351.71135606086,0.20225917758343892
28.694989101469883,0.19529225423089702,106117.14926115701,0.28763836829491035
16.393904225359595,0.1351889948669506,59261.83787542067,0.24566119124879685
13.481030760897847,0.12770399206159572,47131.41184674963,0.16727778373825747
22.270622296069234,0.11861700015225252,60996.77507636799,0.1560525561119554
23.192841993833532,0.15538707294591173,59520.456774892395,0.21670832875296772
27.099124192085014,0.2165588649836509,69836.83512493112,0.3437985919046053
17.877170603583064,0.11554155746759166,68598.29899721926,0.22372411212121981
42.90964217724986,0.26839217288269085,32015.446284336907,0.16684361544188459
14.592696889980845,0.11946247516166307,54129.574200226794,0.21665013509484496
21.98830213826734,0.16462238416643324,75638.80101828811,0.28651998907939075
11.365679131744617,0.12490912832516426,19490.592758864797,0.1565968014103439
18.582255904966388,0.1163684051660831,55075.38804274988,0.18309910524761336
18.82893294359747,0.10205536099265382,75480.29627555658,0.21802776272045019
31.594896866337518,0.26868747363468126,111935.92874344232,0.3964965765144516
12.28870010638362,0.08755653860452647,22239.11521492915,0.09812386996796747
8.950049395515817,0.050966415269547344,13987.681977648348,0.050784376828722125
15.842707565482097,0.09831376801423532,43280.89151730115,0.13862019789615312
14.958218971723582,0.1087659920899692,46446.08274416219,0.18623068454290154
34.29416234911072,0.20479908909991515,104487.74477782412,0.30571997024994363
38.70244617932233,0.18081229069777988,143404.6651644503,0.3701442189824911
16.174186531202547,0.09796123894987323,57540.68788383231,0.1833803142968047
18.811507005918127,0.10488819396573242,54212.2002565666,0.17220277758044544
23.56443527027971,0.15486168236960537,82398.39095163214,0.27241764399022717
22.10723589200327,0.11999557606106896,86760.91788664555,0.23881670323346754
28.992328678495912,0.1589840365217871,100191.87485861217,0.2882560596945219
33.72901493460757,0.23874023049655904,115933.368389977,0.37521442070969674
31.75983807829265,0.2316051566331819,123209.07007937471,0.43336967828123896
17.97140412465757,0.12989153340408338,67236.03246941058,0.23376093842036832
9.245778536008949,0.07380405775281448,21165.42099858206,0.10884407288811837
34.0781117936517,0.23486146471259728,116348.45861198305,0.41849580474842296
19.77186529670705,0.11467896805145585,48023.214448279345,0.14946163082583894
9.881514816907973,0.05961634326692255,25635.752223430998,0.09993341433408004
13.91576171379018,0.11680710501956043,31439.50435442755,0.15581241433057824
30.80581110929423,0.22872169326806585,91627.20140219221,0.3602566711662359
12.763880571828619,0.06907180115432274,48083.86450594981,0.13137294774876646
29.903729608788886,0.2831589407228193,114285.82304763193,0.4431714796636986
10.874930122786793,0.0874856500960352,29180.094191098826,0.13454325919027058
15.535687815657258,0.10960784791738613,40837.17186210407,0.1750873195145352
25.803787042685027,0.13199012909220276,91520.7945960053,0.23603775858369752
23.47393410835269,0.15667664138069518,77088.84852513704,0.26459045960830574
17.444200241372805,0.11321416341293827,69413.91736773368,0.20502521590190564
17.69259496950692,0.1904109422066898,53491.87427796101,0.24032431913760088
28.14208212249963,0.2579227530580355,84320.55920557467,0.38719121832541403
29.40552279703178,0.15120486572895672,115158.94673274315,0.2548507222604119
14.890213781393104,0.08587038731950032,60596.33335172922,0.16757449363278656
20.990462230360304,0.129918974049726,54303.717651121755,0.1877869172646499
16.79248151895933,0.08390605648784155,61449.285800810656,0.1685433636082431
32.377796952146674,0.2131058795503248,92174.24934802286,0.2761148522653216
27.918239961479497,0.19856517293675707,96549.56227771612,0.34747011776407094
10.708205870836194,0.07220449574266358,16530.680778873113,0.06602585910451582
31.185348798895436,0.20951060322257825,113603.93842890595,0.31895690029193313
36.92961446932556,0.21263371781182655,137830.93433466935,0.32078400179018707
26.715821445079758,0.17894361990272137,74288.86916664756,0.31125144759574835
27.168357665798663,0.1637119350539838,100195.17202373708,0.2739287301373859
28.139337409802426,0.3458771870824568,74878.24048096534,0.3974882379217068
20.27424100754239,0.1179516949164575,78416.67900563913,0.24467555328380727
18.476017380346434,0.133470933737524,70630.10136815548,0.24508698964536205
24.29459629713821,0.1718517852150298,84302.48994171749,0.24569413569527493
12.941414372805628,0.05953474921725674,46127.006114585536,0.11678773864616522
17.502555878664545,0.12862344632321587,53316.8055759104,0.17336168816021086
17.72179692573651,0.122578992282729,38810.72175465749,0.1312701437538686
17.39575234953222,0.10607075656534665,63149.38335816329,0.17845233988868792
23.788398225381844,0.12318068737476406,87067.15728436108,0.2504046693878101
20.37768306024247,0.12232584864614393,88461.68669991838,0.2643288022061394
16.138809063844803,0.12505102984476582,49346.89292875882,0.19259535001745104
24.880099947846553,0.15302420800148903,81855.68878458976,0.2930913902119301
21.544331985946876,0.10912069477026404,96316.08202098821,0.21252372336392242
12.448712849084702,0.07835551527585174,44335.83342880645,0.14278456780019091
16.913799849823917,0.12504693714873863,51610.2254251057,0.18534635398926075
16.291780142345452,0.12214028587558655,41050.01199705846,0.16237564931771642
13.21455542999527,0.0982021015669749,38524.37476978805,0.15685243984091915
14.03542449190577,0.11157686460093683,27162.70998037957,0.1350067905735055
30.9135033011244,0.23299266178664144,99483.42113124103,0.3072058549759311
12.733362639041422,0.09197977037543145,34146.42573541783,0.12112321367256847
32.897884287541565,0.2491253040929736,113820.41047103066,0.3859393515871418
19.143164834688704,0.12340866018599168,77203.93809341265,0.24833757778697002
32.01892074970245,0.20284563117969656,110545.72950709799,0.29764763390690513
34.601814093447246,0.17952321136914798,117731.14998408181,0.27852601118875625
16.45554886029139,0.11344429310359003,50913.66972769274,0.16550338596871308
15.425594049289904,0.10569512549824162,40501.604510643265,0.16197672430949567
31.09930123419769,0.2716907014320095,99495.64368503775,0.36314877078201585
29.75244052898849,0.2530995055974365,81660.24089982561,0.3474348218770357
23.932962297274173,0.12846799565094924,65025.8775776259,0.17514133801227497
13.91049287516589,0.10370425344550137,42889.540804797645,0.14627400294539783
21.213649848293144,0.1662342235927261,44849.412269656554,0.24374176465668448
18.11658359903954,0.17244868992235557,43386.09680950912,0.24746105250140035
17.39473270419172,0.09720752732722386,50985.77203861866,0.13578098504762276
12.88003297698434,0.1147750126097871,36462.71316034384,0.15331424099790011
29.279711724116826,0.22213928375018568,91399.01274771798,0.2831671116158847
29.660997340966816,0.20980366086043925,103401.98110346125,0.29385649701587596
37.767243163752106,0.23782040917622796,169008.32616988677,0.4246979527981619
14.113389583874637,0.10404370443242907,41303.598912687274,0.15407712116593744
16.60127250379963,0.10351059339099385,65477.423395471254,0.21348411415756877
16.694593751835985,0.13028349290969427,33598.29679606397,0.1453355394211224
13.49512914931118,0.10822013608525342,54245.461288641425,0.21899024797608732
25.550948614407982,0.13538748615356413,83276.41317860081,0.2570275997111308
11.91092182113392,0.10406758992012288,31663.821331867126,0.11943477630289291
18.04665948806345,0.10079948088631312,57605.07865227314,0.1583144838419359
26.558114547604006,0.1408067956977253,85837.07691879458,0.23780876367614973
17.055534685502202,0.11692383951210499,60805.85352827642,0.19292213511554962
26.311646985675402,0.15105470688001651,107770.04664718415,0.2762898601040422
29.530084487861618,0.1781938816327348,130131.01676257771,0.3323071484318774
18.108249487279387,0.09899874917713775,50911.68785602734,0.14031270196094
22.7315503010917,0.14390340156919365,90546.97545844493,0.255129118642135
11.235694677787686,0.09830603839678408,10873.626776454876,0.06513620502603253
24.441511646172483,0.26671500877730797,68169.1088458471,0.37137392510477935
36.48346302368026,0.17659378375161397,141912.27023502358,0.33656642520802177
22.59405593246587,0.1353715155692481,78935.40195491572,0.24514030199680817
33.64309582268029,0.18494704223890124,125629.03714964529,0.37240521469014004
9.686177516257994,0.07554628354865761,21344.87337292374,0.09739247812187896
20.489216571341863,0.20556390380892056,62295.78736503132,0.2812477976827236
25.74251183635386,0.20973488992091333,78347.46960171316,0.29845675320047177
11.808999308822324,0.0791273959658019,27328.158887264057,0.098617611578438
11.284445540043961,0.08018542790475938,33359.133346806746,0.1318274057575802
13.295785405121908,0.07930952570628466,37360.737643801,0.10339455795810648
20.108080245589033,0.14066298672888905,71586.13333866099,0.23412681620209436
20.060119363012557,0.12225776624595645,70915.91965546414,0.21321352588789388
26.344884936659394,0.14054408732931908,83699.44385424233,0.20049735196039545
22.745966081806152,0.18352271229791306,71404.90323658289,0.3526243251041561
24.92726942185057,0.144743063022759,100492.99952222369,0.29291059346154547
37.09393047481616,0.2615850236577323,166189.20069338733,0.45283514360405325
31.77618457253453,0.21694423321231457,124258.27795600564,0.3751483698150687
23.459165535251522,0.15294460303430152,68912.61105451689,0.2070534190001714
27.999904658478915,0.17393346608858568,76919.38764449388,0.2816392157927281
21.51857298353388,0.11048481864200747,66043.49697323877,0.15458496425189014
18.369705860479815,0.10729953420499119,70611.2642750604,0.19876306726732612
22.222978558990096,0.09874964002070263,75003.58880924797,0.16940475394053792
31.92141193196515,0.3101658627547748,60919.74643353937,0.25685554518905535
20.45505445627837,0.12197742501455308,90114.68185323771,0.25304390034962565
24.437546511332716,0.1736009804899457,70337.24709291256,0.32586082007494765
26.18492425202832,0.13936278922756534,80598.71427419341,0.26305607146207355
26.852937554929564,0.17684053098337707,76073.72285969587,0.2821323148579287
14.863815451590291,0.10935482933960808,44587.710214784856,0.17223082885994756
16.074095243924567,0.13693550291169568,47608.00111075253,0.21095185668543032
21.59080916590107,0.12855527872193234,80839.54944198042,0.2415259320183215
13.974382176112258,0.09137823247412206,34132.03788999833,0.12531025387030953
14.872218907974826,0.14035715794806236,30479.951508713853,0.1370888896971277
14.202028524078134,0.1353445957739703,31373.970458377058,0.25283934504101285
14.651094724812124,0.12085680079459823,36910.75307650418,0.18419017170961335
25.864871992743893,0.14755073298890717,70086.37844264816,0.20507258940355136
30.81914999557039,0.1906366567116953,125053.67516528913,0.33486376496644793
30.55173134033524,0.2302346411040921,89839.59507836842,0.337381499390509
26.240110462566665,0.20362357384863383,80098.25512045177,0.29138145667479065
23.78995326762567,0.2214993822865722,80027.8433239488,0.32438311851733187
10.242605060772751,0.07034115938078722,40891.62741555546,0.13579781889812276
23.737880328503838,0.1989643146237571,83211.98510326017,0.29010480150723594
22.119227529008885,0.14746901671384394,79411.08335617813,0.2719836854489556
8.20835613253413,0.05284266737624312,22868.34501329834,0.07109702800297131
20.22866455011076,0.10066582499650753,68705.29428153839,0.19127752856609995
13.752208873185198,0.08736327754993634,59199.988247774134,0.19783686428712927
23.58543132746683,0.15042066465937617,84559.08625209078,0.2687132057048995
28.02091669321715,0.16186994246442543,124474.12290630372,0.3145648208259963
11.686289842403772,0.08305741238863922,31647.047642061145,0.13218882547662741
30.20980425764543,0.19602868655639005,119929.72377145918,0.32190893927174863
29.372115074929457,0.20049555944166267,67750.40460352048,0.22631708899442515
18.21650331281176,0.1321633700777519,70960.74290668027,0.28536331691918826
15.47219137330647,0.1467165569353205,26371.018201828716,0.14470821783932944
7.651753121246935,0.04559679491854674,23297.6923219854,0.07015469421396812
12.221373659131105,0.07075743030747932,40266.675864908866,0.11904109402512893
15.808454391213244,0.0960357192860076,55552.76502828103,0.17419806307344518
18.313568783577203,0.12818380770099588,62453.45344296513,0.1942053732645178
13.893604727113495,0.117866565274179,42150.617454970175,0.2120991443818287
14.719569582491289,0.17278292298284978,38661.72538713328,0.24098024210473246
15.742294673620876,0.09574703263835747,38872.98513318139,0.12833172543788365
12.139402445414575,0.08025529985267166,21267.062293623494,0.08312907065980726
12.014162622450085,0.06177677953821054,26544.264203002105,0.08429115582315143
11.726230368799778,0.0966741252823639,38354.89324761009,0.1761618778618194
23.898014462740818,0.12974619655291195,71788.34143749763,0.2284254593402776
24.095620315489207,0.1144743443656173,49081.573003825375,0.12350298826705486
31.55702713670011,0.19481829269755435,107058.52225933182,0.35369306942640133
15.233686564896983,0.08758987498131139,57053.43061248912,0.16621616582145252
21.670049816792595,0.1323265123887867,75188.64871547009,0.23165371791048261
15.720297446179599,0.11353722314659895,16851.65569634138,0.08976895496613324
9.114490932396281,0.07693334871546806,37201.031859316885,0.16341073742077974
34.96541586725132,0.32765574895611105,132843.60309864426,0.49133264577758445
23.09308344036483,0.20922597289135644,65375.633001710165,0.29032553498596253
34.021800562922024,0.22414563203178567,100672.47809581205,0.35390936551338986
14.990163985094123,0.14756040100452475,58636.189050735586,0.20633748237976438
25.69692758849882,0.17856211486088275,98057.43294106754,0.29542548003239444
18.33266305097739,0.1290995458050469,48466.88772697049,0.1812388857610163
29.0308945989371,0.21360880910775956,65455.6428478252,0.2958678925406971
28.470326119047154,0.18932157089780857,114026.54360253797,0.3256043262511016
40.1596296932813,0.22562026940772803,139967.35680017617,0.37675911547247953
14.930379580028394,0.09486926212123917,51423.795965012716,0.1668271180999092
11.512889319753736,0.10770849065104075,33500.19801862261,0.15261148795284282
43.13796152224048,0.23801928330620514,150540.90163670512,0.4261437142811501
42.24634489062059,0.3775150285429608,153034.43715512066,0.5791099161358946
28.01117870040956,0.22578840237184883,80132.82047022882,0.3540644699290878
32.262109269926924,0.13745620158359903,136711.71605619122,0.26237648017539666
32.22304035436307,0.15262637019251543,117228.88816538859,0.2637045441053882
19.987230338850146,0.13415376763815628,85834.02982711584,0.29933411845547914
23.29340017626621,0.16779887484870848,86778.34310091639,0.2454598359635753
12.818523271559554,0.07961897659207504,41216.58180640037,0.15449717672926017
18.47342598209384,0.1271042956347289,65268.55294423495,0.22458653805755444
8.706193057501235,0.08278753515253072,25529.399690734797,0.14030750546912735
25.22937855369741,0.37047059817519357,34876.025165990526,0.44571847922938507
21.26736576482647,0.18506899535645077,61485.844903546684,0.2597057178388783
21.42351694658365,0.11778769515003473,80599.56592558618,0.19152313667961177
25.47280352181978,0.146284001104845,95989.78418599498,0.2884727802963102
16.151349074952904,0.08554746321720381,61805.089074814816,0.14127902784902632
19.505928839096086,0.10950921793368221,60328.45122768538,0.17678771277853564
30.04082248879748,0.1882042701067859,96607.8949146975,0.2908442761601564
16.61900867372027,0.11674650631302319,50941.721900896926,0.21174572533452352
18.660227464772998,0.12394703577312573,59812.968378461825,0.23222654183527486
19.795802109348227,0.10145297714659766,70462.11198385523,0.19744114127001325
23.789363092457236,0.1641643447784395,76772.90993126869,0.28657707632422286
22.006428988927677,0.15161677084555145,53242.90350846272,0.16593566944792973
38.0055360307332,0.2412970090533916,109853.19381406398,0.3760161982038044
15.6508376311661,0.08083795019235412,65883.70740277386,0.16835238820743673
14.890595908175108,0.11239022569727064,53126.63322131456,0.2171561708979699
18.615657737950052,0.1595666003015606,45172.30433652376,0.22046600741036818
24.512567763367514,0.137621012917867,79182.17848779354,0.2156247642884155
11.987836534593928,0.20245873448229934,23041.289178627154,0.2901174515520672
35.83830223295292,0.2056203427600569,137095.77651130254,0.3752199224806955
13.281736632948506,0.07743526008760312,59965.96780981431,0.15301611097774417
18.96214079972873,0.11497992206488963,51469.17344458783,0.17148401263459118
14.162162578084436,0.07071256061121023,51874.25119409313,0.12499303733840535
13.675869827789331,0.07948431100911153,24833.074627459857,0.0891950617137039
15.974085840007623,0.1571595915461147,49989.675692688004,0.23225423308283477
8.706238280896994,0.06561409594919616,38133.950680308415,0.13430367581792313
29.373132969557606,0.18391733925786943,92250.81048733799,0.28965446468889305
11.444940743337334,0.07450783316591546,39795.32761195956,0.11925500109301154
7.206369323386054,0.05405431889381922,17201.936935937276,0.07140535374082217
16.74882784908278,0.11441213456493078,46206.622035641376,0.19699009642599383
14.5460449930929,0.10334632171471522,38819.67632047321,0.13660413126909376
9.652295741920982,0.07939552968390541,21018.136799018008,0.10346562856316166
11.539727096164611,0.07986117137508869,39130.124649166755,0.14452599704953226
22.849787552173613,0.1731899548664902,83143.64731075415,0.2815881996061686
13.780529606137215,0.11645659148603424,47872.52282459882,0.1976555788508357
26.432112298108258,0.16047838982551554,97668.54957382503,0.31445888399098976
26.97072495064155,0.21789635530926915,101842.14074993701,0.34745019737821287
33.27244774615115,0.19213726335157702,114749.09903273403,0.2768208588846946
27.89222332819634,0.19313477909712742,97204.80564254407,0.32669782817476434
27.942351806943776,0.2252414968028947,85756.79914862354,0.3164465029500551
8.146033451850885,0.07915302752489516,20165.465234897605,0.08594978907379208
9.19753928271621,0.06301714966755208,22066.163913427827,0.09488511080388556
19.925479588910214,0.12623062013534186,74690.40002546382,0.23536883438810668
16.541235207967514,0.09667835044840029,74252.3292346746,0.20117498723042232
21.739221077073918,0.15673401338572804,69498.10623787076,0.22376852403614134
24.423876277084418,0.13195374613492086,72193.49209748772,0.2076769500882785
21.626050909847415,0.11362641323869771,80609.83604943224,0.236157595290062
17.483429346068853,0.1428525642749833,44953.60193007568,0.19091828844368028
20.111071547155866,0.15697501249599122,80367.24008527304,0.26695276069102064
32.04726522536277,0.20508486740926876,112618.07105347353,0.3141882075240749
17.589682100749023,0.11295963575298883,56765.253652961204,0.19668577632649778
5.7584257023801495,0.05691030090370518,10660.396535859207,0.07220480810264882
31.253048186280807,0.23455726174298294,138532.3624078233,0.41838788940427396
16.64822193918679,0.15295061295648424,36966.25962448353,0.19447623916126552
10.134190333664844,0.07830468031810794,28971.422119110477,0.1329552519014499
13.41865786704914,0.1488670798558068,23162.19705116852,0.15250961674917346
13.004373478970143,0.1648608030644928,25505.4296509662,0.1652176586538709
32.48463537782772,0.18379877256140378,119703.0688476018,0.3486183507206847
13.018345140293757,0.12304519222957878,34777.81369974514,0.16442397929400265
34.782772332617384,0.20329202438148652,114896.02078418521,0.3500273240568248
15.211625246142688,0.09495245517464677,38418.87209255948,0.15737919795518254
9.791778964137794,0.04970198115800463,38410.25122835444,0.1010730697773397
10.717107018277344,0.06692582383300162,30827.399930434145,0.09559100606504013
9.82778013771179,0.06678606996776053,30125.57560638587,0.1281020834662477
34.75336271085379,0.2074323476449102,103969.34957649764,0.29911587902371883
26.727589875957666,0.18618434507582768,36347.41063255565,0.14683195835522414
31.62151426575679,0.19305432302972572,106750.62415802652,0.3527411589780697
18.087945424507783,0.09277258778121973,57466.50351949625,0.155809440679715
26.23955972048965,0.15787555190115762,85705.53248750127,0.2793528769533313
15.654815648488313,0.09921064073306275,32743.309088116104,0.10266748101828453
21.483842062431993,0.17372714856484006,70697.66716303813,0.2594769027863531
10.364275879656992,0.08619680612083941,23046.117014989235,0.10747648198305501
30.375007747761188,0.1908736048434608,97340.29384931839,0.31312592865420363
19.060919178320976,0.146298865964203,42829.910229874025,0.14602527908735707
28.70284794236714,0.24011955572577232,100170.21041080156,0.45572617177468533
16.671410646422665,0.11635599129827498,35061.743733324816,0.14755631546790274
16.248773539259155,0.09086487081420704,57654.3527901595,0.1705196320386611
30.45581788904082,0.2017838755793468,102223.86213763239,0.3349074065909782
11.890105923112591,0.07769715319049879,39449.37830016701,0.12633090900824018
19.629695849903236,0.13840448509682265,74009.80844337695,0.23233989542267094
16.119921356198933,0.12002526143065448,51515.219862022015,0.1718088895413353
20.893704854573148,0.12290961051181652,77222.18673830177,0.21539815021811717
32.68432199506597,0.19285341090743285,101706.20375765204,0.3646555397024315
21.708725006854216,0.13125994912151198,78815.50405624101,0.22655077434531948
17.131478249126673,0.11850572109251042,54633.01379606952,0.20865015460462574
12.97486167142099,0.09639491303745405,47951.11374824181,0.19705143102529146
12.411400172913506,0.10257284126100034,43968.20912227491,0.14696451079529044
21.089237394632026,0.17358547890993084,76270.70559399693,0.2690190662593761
22.64121462682055,0.1414210634994253,76181.38145027547,0.23166028405170053
17.247514922868298,0.1573717936455439,46689.82179668056,0.23277158561448427
10.121111578985031,0.09872118152435795,17283.331109259325,0.09969334615103434
16.702185875653644,0.11314087462108713,63978.75593147391,0.2084444066578064
29.104324274192987,0.17935863216381234,113960.10996185013,0.350227895020738
13.118654099281633,0.09505611410121587,41672.75127461109,0.15057754241243704
15.502331540730715,0.11904709243262876,57578.395318215895,0.2064266626124545
20.239788007214436,0.13986316336867857,84121.02617944649,0.25518669808711525
16.39832419666769,0.08930749849896949,55092.9590627528,0.15626045000199512
33.057179765282825,0.25178467511352925,116838.2439268422,0.3629034073322319
14.268326916946954,0.08681024052681954,47709.39413479718,0.18063624706948714
16.66148255208387,0.1111792421743401,27985.571447248753,0.09565946271955783
33.849688523739765,0.33179067016578384,156180.5752845552,0.4874660939300433
17.961759417725016,0.11329266086234327,62678.263976425944,0.24337271838782182
24.55233502483582,0.18999173351214116,78543.16273097026,0.28442803441472153
33.40536433155598,0.14856889597615036,116710.25318903328,0.2748863664562105
17.31572379651348,0.12680003377339313,69379.57885276401,0.23005754593289748
24.397820203936263,0.10586847428314325,90432.1646355357,0.21862681613024765
30.11827407461127,0.17126290044707637,105250.17084264485,0.3244700440924676
17.46533164244194,0.10441182433361292,51424.77695095975,0.15168111191412986
22.74673323743879,0.11769175306588132,77703.66206819126,0.23231851119423566
22.677619629888248,0.20538970921739283,78869.44031499683,0.3166964365165308
5.260616618728398,0.050652370369480386,9915.59254659613,0.06444880940539274
15.315485799564723,0.12710147741544067,48313.91783127596,0.1889208201335332
17.528463468119398,0.10872106816284688,57211.831516662,0.18009151837376397
28.78800386991787,0.30076942225245507,99986.1759310105,0.36930980352985865
15.317964965478511,0.08126923506579561,58780.1616586199,0.16481029422500726
15.244535337824354,0.10202585413524458,45003.71696083706,0.17472836411571394
10.36252426765243,0.06839458031820714,45819.95968124479,0.1301993051477757
17.38916986044491,0.09299797893861841,59500.2823456297,0.16084238995659447
15.76831073593965,0.14719112955660282,25483.546108484297,0.17323150832448667
13.674986402787168,0.19374440068886076,30808.721882455622,0.30445231193036754
11.013341677015758,0.07842592738867214,32981.08219372972,0.15254061686865308
27.878930579120826,0.18199647195248778,94689.16304526216,0.2614519087153157
15.126906076121376,0.13485637398776001,26895.023345568312,0.13826993509656685
7.794189666016492,0.059257139484168664,28127.37106579457,0.10137022667895117
21.154340795262243,0.13587909309469082,85556.96280394505,0.25058101793300924
15.045747723693246,0.0956053204863237,44119.888083322694,0.1386327230859742
21.979840041937,0.18438335642416331,93194.74625093352,0.3319613421390788
24.75952126855138,0.1395439322699236,68415.18744449769,0.25515823688922257
18.447428921395883,0.1181258203570766,61293.51483414159,0.20865468521433098
10.608218561046275,0.06866243757075871,30553.743367466486,0.09435172456693153
22.894929639027232,0.15209803216194964,81077.9207597661,0.27276797490159654
24.94250001568167,0.17414087364636166,104965.31475055608,0.296686127192151
14.209514621193017,0.12736491932997884,35041.37369052862,0.15333281385617933
15.599414225693666,0.1141484042162068,42970.257671987834,0.1530428922751386
18.10145580024853,0.1560938048459458,54014.52432687339,0.21083664451264864
21.922850841540114,0.13342374494572584,81720.74009586446,0.25934108921099647
11.20271225008742,0.09574566082190193,30770.54670815854,0.14170985246606319
27.278665283090067,0.24009126616302534,87901.2447290154,0.35980046504711316
34.11616938890583,0.2235616892180605,124478.52760179389,0.38111647724903297
25.582796705055447,0.2285601952347181,52777.046946159695,0.2843410785737856
34.59886905774846,0.1881399764956924,122511.83238574464,0.36576549021572996
9.569656383893644,0.07898722144511906,19150.438932324974,0.11001595313684723
13.47947401579991,0.09781251705150272,34845.943347246764,0.17872448303121186
10.977495243296415,0.0798955005843687,44132.14856191216,0.17864506407560163
24.04461439694459,0.20627015057017278,56413.170508157884,0.25100846307098235
33.27452051273612,0.15559698866325844,131772.59620293524,0.3038328831922579
19.38402555504847,0.11441989198208659,77649.58198037645,0.2263017501689561
15.836015899190443,0.08193697356008811,24814.47714051591,0.07002937548884287
15.52238224298817,0.10529526754419476,46708.439990136554,0.1704580526572793
27.457620482084184,0.1338226603576256,81663.68221692591,0.21449204884977957
9.921981735038718,0.14897941825761873,16919.13638438185,0.13638571276832812
9.98061445468663,0.078430861325864007,37751.36131592013,0.11844890182196255
13.23795750976575,0.10144278292780967,27451.71719130077,0.11315257384733865
24.31846999520095,0.16703151016725035,98464.59846533612,0.34988906986251245
20.90389172474927,0.17169448510038984,66436.84400714745,0.29339093027062624
20.04467266794845,0.10863712257317043,71603.46651805537,0.17300318639530118
13.110538810219275,0.08776830134676028,28717.195711075532,0.08995785733876444
27.165834582648564,0.1699383023619024,97198.1236542069,0.3256722172347747
22.897663015507337,0.13458171019888412,67200.55781165844,0.2103193399702975
17.14871125806789,0.12117516059969152,20626.079868260687,0.08443083410197014
22.714265557444705,0.1582760732906326,72099.04607775342,0.26763022026055655
16.558700987495076,0.08839419381167629,25057.19116070166,0.06995379986732685
18.99390125308064,0.1107129631793706,40043.532440667776,0.13123505117737705
43.63065897626365,0.2782673128413167,171541.71816616692,0.4317121633143106
24.15016639677951,0.12729807437887114,76929.57634035451,0.20475314562005026
34.897494471786274,0.24271363432311074,121124.17321115352,0.3709925661014131
27.575552819234645,0.2079819451003334,83211.79751747903,0.31076144334918787
16.950908042352683,0.1338400664706321,50398.109516314216,0.1787807846594452
18.907589614422246,0.09896467166267985,74608.77962006978,0.19757937995474534
11.87883677843434,0.08803504160185943,28815.037382403327,0.13559926798309568
13.828651785644098,0.07721151551271127,42042.66090321531,0.12292232330882555
15.659706047781093,0.12126453923089084,38785.386696477595,0.1626992166510351
16.090399686469382,0.11274348140294978,62397.75798059688,0.21895040652624004
22.273222175278903,0.14294781597506592,77681.50608422872,0.26695284657909185
8.732225221094984,0.05278139887707955,24242.20309855341,0.08390200524945876
27.506707640825336,0.16029431308677541,115946.11655524191,0.28893322313043907
29.3454090757398,0.14735133685729704,112798.99064420826,0.3018077159051516
26.164268704061787,0.13902219062463558,78892.70718109036,0.21360654935014503
27.234410577955252,0.22653594086070344,101358.33497042215,0.38377755874860076
17.492151316890187,0.25199043670100435,49925.59062467997,0.38650635885354856
25.32753229958796,0.1770329857645946,93319.40280059501,0.3108806806954088
15.65328438689289,0.10859058205825793,48562.76731444046,0.13478860054363612
23.690080794945636,0.17332056638022733,91950.84405741922,0.3140364146482218
10.875299619734147,0.08105723993257548,34578.65642450064,0.12598791235824422
18.64230961414249,0.12723610154283943,66415.0306658666,0.24869543136014158
28.5950566760658,0.15017183449355181,110287.43437280126,0.2863172439304405
19.89369602315471,0.11822065449048144,70410.04387608559,0.19918474929075164
20.555987208281586,0.1158345351096299,85112.55114286883,0.2537380044690985
13.108815010169131,0.07818597912597909,45012.565678724335,0.16801373973228326
8.979950477737647,0.0648358183048624,24333.852992572447,0.10996994134871282
20.151514272999474,0.14033597919743554,69312.36256370987,0.20265921681923812
18.01117310864885,0.11622462913745954,53763.58069236303,0.21549138985544203
20.339982533685447,0.14143615810544824,36873.9166101744,0.15596276357057234
35.478059089167246,0.2230789444869978,118644.94232188238,0.36118259265856384
20.83048335165724,0.13441013884862105,73472.47250296338,0.21833042928064525
31.348253635209325,0.3324174610319099,62829.26896191556,0.3797589302645573
16.153626744892037,0.10673568630602898,75476.87250922107,0.2219876639269689
13.550610048505005,0.10217128459207463,52712.48363844947,0.17463974229751494
21.451317977146214,0.17981772454949096,63420.667121330254,0.27797435677942267
21.569516123702112,0.10148295303183179,86162.65887241927,0.2056703205334711
24.73395878999031,0.16811893878423823,90777.97204937358,0.31407313006111925
37.232735288813245,0.3180885987346001,135441.64719484939,0.47761787887995627
16.676954911011293,0.08375773667525893,58140.346755889856,0.15093771942717502
22.39209706103759,0.16309202242968943,76791.04996116643,0.2831603540433414
15.291488686347714,0.14442505323616006,51442.40973494603,0.23315186953736788
19.121551720159403,0.1350316260807597,73834.40471232923,0.2713437404106177
8.418951968939796,0.05321517534285398,35204.13501689679,0.10856843812608184
34.11134616692202,0.26401065767388715,116177.70191354532,0.3669031122441983
15.788022784397267,0.08784977011398164,58387.459306894445,0.16502359128733832
16.337737678165052,0.10568307177103131,71261.37782566194,0.22343064178973918
9.421460486502665,0.05171075132700204,28057.90801260781,0.08887720792543938
18.368386679791904,0.15755784784644222,67781.10291257851,0.2663399821436709
9.62233391241583,0.05224850790331575,31756.361833368104,0.09736820977069327
19.660380068491804,0.11219606026771609,81857.71131962085,0.21786334521975792
14.151324223938111,0.10139758933263064,57024.89472019526,0.1824078313510285
14.132205646642737,0.09729742021918303,44845.77854522162,0.12038738477108767
17.32646754698124,0.1300942831244907,60867.94565100555,0.2023690309537497
28.445539129255828,0.1412391651280291,100628.11882739473,0.26438564025520017
18.020822115855704,0.11633667775515598,63258.31196587596,0.22274124919157887
12.97164632911313,0.09278896571186289,35945.80621466666,0.1313719135994942
19.500397396574833,0.10596230503241919,84244.43111468515,0.23425703133301568
24.883949354097183,0.15806296721357452,42471.354835681064,0.1545709338632907
15.77474069896043,0.11243111111606824,42347.424081051766,0.16574066592967582
21.010386434704703,0.12979192201481998,56546.06252076568,0.18669993389125886
33.0353249612379,0.19494068439852932,82085.34082467978,0.2810867995439249
34.44975828349455,0.17484802736849298,140655.3810208863,0.33492780597627586
20.65970614568195,0.16257829058296586,49744.2064301734,0.24997848565680356
25.5203254405008,0.17490440476587055,82519.7150793359,0.30844453048543763
15.740403275723695,0.12454398635668124,57203.26623079069,0.2435288968124431
14.860906186771208,0.08211266355682272,18108.285429628326,0.058117062990367556
18.27453988141733,0.16649862777139182,70046.86659294611,0.3293077407817733
13.123110609961525,0.09920919211965427,42378.057336942045,0.2086060167356701
29.064368542663573,0.24269028957659097,105377.21495379574,0.41774502356894055
12.324093381400363,0.08093044046221495,27235.138534587815,0.11734179651561544
20.247967818475427,0.14373495753753743,61032.431364321346,0.18604685159296633
21.103202423371215,0.2580292497348798,59068.420569078044,0.40468741099712163
13.322041934748578,0.1703598740947355,53753.46778355494,0.23374954659837568
18.35224770038482,0.12990454619790914,68394.50312505555,0.24137287534603413
14.604758460125531,0.07266333083380896,54651.79460947826,0.15181908951689732
18.784954997225856,0.15553202476654884,53182.484244496765,0.24333116861177137
15.984725934757938,0.10242180299990603,62574.01702208854,0.16918921909654736
17.60421941741267,0.12060745476463655,50808.96028413442,0.17104997721366683
15.23626508921182,0.09436545306149234,45337.65491861941,0.14866027479949387
25.014850985612444,0.1289889436420403,89224.53838069295,0.21383478262166394
21.95546293070384,0.11395009553765717,77985.98552081373,0.19007539025166692
19.937322863616156,0.13600417031055195,64411.59702124566,0.2040374479481569
23.501434842518357,0.21423848261334544,73626.9193927747,0.2611813385990237
20.153919393860512,0.11016889623828374,62250.58660490471,0.17979320829144305
23.693310527710747,0.15673265553659657,87630.13190373614,0.30950965399587904
11.393830697959489,0.07006357009193608,38251.93128460883,0.12548230349145928
15.941420800388293,0.13014595716061644,58593.53282861071,0.21645218932984758
20.39331998508725,0.13285396696485802,68432.10816918183,0.19320819644979123
16.702251308795944,0.09668070043350442,65069.622323408985,0.1835537030983111
27.55529894468856,0.13527036204572598,94765.53706003654,0.22985074905069022
14.953338135540049,0.10782994093561812,41673.46083882896,0.21414630326107006
25.747103945582026,0.1579357292790351,71602.90338673623,0.2614347683832015
18.043081633823054,0.09379104692355547,71447.05322068055,0.1973546746941694
11.605791751374275,0.10139020750203925,19854.1869731876,0.10162748008852718
11.971398817240813,0.10927213375633993,32495.713189746824,0.1363142843987668
21.9901184371608,0.12599757721345087,68170.13556512186,0.18242170406105737
23.643857297020865,0.19975843867092455,49328.99750267197,0.2687907892258651
35.7751836375331,0.22419538220471474,130121.5520670305,0.43626873539289773
16.75931439198012,0.12841816360251898,52614.64536629892,0.25807406144288636
30.92820683526966,0.23527078603087606,101441.96182654137,0.3904551414630196
14.174887734402825,0.09357905668810453,58846.12217987744,0.1655594437876761
26.35692749369244,0.17930906543653766,104583.61822168143,0.3084165589653199
20.90905716709235,0.10060868056474005,75815.11256458794,0.1931800709109515
18.366052700012713,0.12097571083693993,64052.88877163202,0.1931643946210828
36.8126163310825,0.1697501384193696,136463.27601263794,0.3497071454811584
22.56121202339721,0.16261034974958244,65425.76228151162,0.26350256671023664
20.696681735327022,0.11269933516096561,57245.606254077204,0.17152276470457528
30.247006043897777,0.26022235275387634,92695.42788978752,0.3319774604838339
11.25110236892548,0.0860135185329149,41561.0905458482,0.15049059599666315
16.486144695777018,0.0915627504522121,63917.920712111205,0.17855762610982248
11.371347483876864,0.09216537850575846,32718.552179657352,0.13945204335759864
23.88321798030241,0.24929865359910042,76833.56014719205,0.33039883241493406
12.508719346542366,0.13532449284728965,31781.962121125594,0.16973582335735937
29.935483000086478,0.21773855743915338,78475.59511964172,0.3135568331063397
23.34022548708446,0.2160519944537398,84005.24602593412,0.28031773819713823
19.155526285025985,0.13935438988040322,70756.38139067957,0.211121588866098
24.89573880488558,0.1641266934287315,54939.122942217786,0.2555413070347488
14.541198886998966,0.1250620825308675,28910.19692836205,0.14288502463513383
