"dayOmit","subjOmit","yactual","yhat","resid"
0,"A1",0,231.386722222222,-231.386722222222
0,"A1",0,291.813522222222,-291.813522222222
0,"A1",0,106.201266666667,-106.201266666667
0,"A1",0,272.132805555556,-272.132805555556
0,"A1",0,259.502161111111,-259.502161111111
0,"A1",0,314.389555555556,-314.389555555556
0,"A1",27,86.4501444444445,-59.4501444444445
0,"A1",57,92.7080277777778,-35.7080277777778
0,"A1",87,133.96155,-46.9615499999999
0,"A1",149,308.606388888889,-159.606388888889
0,"A1",326,303.54665,22.4533500000002
0,"A1",390,333.782188888889,56.2178111111111
0,"A1",448,348.098955555555,99.901044444445
0,"A1",734,371.078838888889,362.921161111111
0,"A1",930,1122.39456111111,-192.394561111112
0,"A1",1130,1123.58851666667,6.41148333333331
0,"A1",1326,1218.63660555555,107.363394444446
0,"A1",1516,1269.86525555556,246.134744444445
0,"A1",1703,1412.20478333333,290.795216666667
0,"A2",0,223.072711111111,-223.072711111111
0,"A2",0,285.086177777777,-285.086177777777
0,"A2",0,83.77905,-83.77905
0,"A2",0,267.327166666667,-267.327166666667
0,"A2",0,262.31025,-262.31025
0,"A2",0,312.141716666666,-312.141716666666
0,"A2",27,76.7686666666667,-49.7686666666667
0,"A2",57,211.264222222222,-154.264222222222
0,"A2",87,88.6746722222222,-1.6746722222222
0,"A2",149,336.917783333333,-187.917783333333
0,"A2",209,429.017383333333,-220.017383333333
0,"A2",267,292.672961111111,-25.6729611111107
0,"A2",326,384.350005555556,-58.3500055555558
0,"A2",390,396.879122222222,-6.87912222222207
0,"A2",448,505.446438888889,-57.446438888889
0,"A2",734,668.800483333334,65.199516666666
0,"A2",930,1294.67527222222,-364.675272222222
0,"A2",1130,1383.08921111111,-253.08921111111
0,"A2",1326,1004.72339444444,321.276605555555
0,"A2",1516,1350.63695,165.36305
0,"A2",1703,1435.40186111111,267.598138888889
0,"A3",0,199.870616666667,-199.870616666667
0,"A3",0,239.073205555555,-239.073205555555
0,"A3",0,69.3948222222222,-69.3948222222222
0,"A3",0,250.884822222222,-250.884822222222
0,"A3",0,230.839261111111,-230.839261111111
0,"A3",0,307.628972222222,-307.628972222222
0,"A3",27,55.8969333333333,-28.8969333333333
0,"A3",57,196.539155555556,-139.539155555556
0,"A3",87,417.842255555555,-330.842255555555
0,"A3",149,433.875466666666,-284.875466666666
0,"A3",209,200.351333333333,8.64866666666694
0,"A3",267,217.022061111111,49.977938888889
0,"A3",326,208.992361111111,117.007638888889
0,"A3",390,390.3077,-0.307699999999784
0,"A3",448,587.843633333333,-139.843633333333
0,"A3",734,464.417483333332,269.582516666668
0,"A3",930,1302.77445555556,-372.774455555556
0,"A3",1326,1226.75915555555,99.2408444444454
0,"A3",1516,1230.15383888889,285.846161111112
0,"A3",1703,827.221666666667,875.778333333333
0,"A4",0,239.502966666667,-239.502966666667
0,"A4",0,411.186872222222,-411.186872222222
0,"A4",0,100.346572222222,-100.346572222222
0,"A4",0,380.118761111111,-380.118761111111
0,"A4",0,380.853072222222,-380.853072222222
0,"A4",0,445.843727777778,-445.843727777778
0,"A4",27,126.608005555556,-99.6080055555556
0,"A4",57,138.001877777778,-81.0018777777778
0,"A4",87,201.695255555556,-114.695255555556
0,"A4",149,295.732494444444,-146.732494444444
0,"A4",267,500.945066666666,-233.945066666666
0,"A4",326,480.465255555555,-154.465255555555
0,"A4",390,614.685911111112,-224.685911111112
0,"A4",448,585.402522222222,-137.402522222222
0,"A4",734,729.059311111111,4.94068888888876
0,"A4",930,767.154172222222,162.845827777778
0,"A4",1130,755.92445,374.07555
0,"A4",1326,909.196922222222,416.803077777778
0,"A4",1516,1031.25134444444,484.748655555555
0,"A4",1703,1194.76471666666,508.235283333335
0,"A5",0,431.141622222222,-431.141622222222
0,"A5",0,483.391705555555,-483.391705555555
0,"A5",0,242.528011111111,-242.528011111111
0,"A5",0,488.326811111111,-488.326811111111
0,"A5",0,471.693977777778,-471.693977777778
0,"A5",0,526.019561111111,-526.019561111111
0,"A5",27,258.717777777778,-231.717777777778
0,"A5",57,162.046572222222,-105.046572222222
0,"A5",87,429.383677777778,-342.383677777778
0,"A5",149,209.946366666667,-60.9463666666665
0,"A5",209,228.826166666667,-19.8261666666666
0,"A5",267,418.753155555555,-151.753155555555
0,"A5",326,649.568033333334,-323.568033333334
0,"A5",390,648.967994444445,-258.967994444445
0,"A5",448,769.812238888889,-321.812238888889
0,"A5",734,717.122000000001,16.8779999999988
0,"A5",930,691.209322222224,238.790677777776
0,"A5",1130,796.267055555557,333.732944444443
0,"A5",1326,965.614549999999,360.385450000001
0,"A5",1516,709.435355555557,806.564644444443
0,"A5",1703,932.292399999999,770.707600000001
0,"A6",0,278.612822222222,-278.612822222222
0,"A6",0,399.140255555556,-399.140255555556
0,"A6",0,222.213783333333,-222.213783333333
0,"A6",0,357.693211111111,-357.693211111111
0,"A6",0,339.654066666667,-339.654066666667
0,"A6",0,447.51835,-447.51835
0,"A6",27,390.209266666667,-363.209266666667
0,"A6",57,262.80895,-205.80895
0,"A6",87,237.870494444445,-150.870494444445
0,"A6",149,232.350305555555,-83.3503055555552
0,"A6",209,253.901833333333,-44.9018333333331
0,"A6",267,368.043944444445,-101.043944444445
0,"A6",326,328.365427777778,-2.365427777778
0,"A6",390,437.394944444444,-47.3949444444443
0,"A6",448,859.872611111111,-411.872611111111
0,"A6",734,650.328833333333,83.6711666666673
0,"A6",930,1119.96703888889,-189.967038888889
0,"A6",1130,1155.50477222222,-25.5047722222232
0,"A6",1326,421.708194444444,904.291805555556
0,"A6",1516,1123.78163333333,392.218366666666
0,"A6",1703,1129.12538333333,573.874616666666
27,"A1",0,46.3136611111111,-46.3136611111111
27,"A1",27,106.922272222222,-79.9222722222222
27,"A1",27,96.1456888888889,-69.1456888888889
27,"A1",27,109.0445,-82.0445
27,"A1",27,81.8020277777778,-54.8020277777778
27,"A1",27,73.0680888888889,-46.0680888888889
27,"A1",27,76.9208,-49.9208
27,"A1",57,117.131688888889,-60.1316888888889
27,"A1",87,117.278122222222,-30.2781222222222
27,"A1",149,287.170688888888,-138.170688888888
27,"A1",326,290.341255555556,35.6587444444444
27,"A1",390,330.9733,59.0267
27,"A1",448,353.691988888889,94.3080111111113
27,"A1",734,367.515583333334,366.484416666666
27,"A1",930,1135.78691111111,-205.786911111112
27,"A1",1130,1053.45732777778,76.5426722222207
27,"A1",1326,1205.96371666667,120.036283333334
27,"A1",1516,1250.02376111111,265.976238888889
27,"A1",1703,1395.62297777778,307.377022222221
27,"A2",0,85.2857666666666,-85.2857666666666
27,"A2",27,65.7387555555556,-38.7387555555556
27,"A2",27,128.577822222222,-101.577822222222
27,"A2",27,61.9539222222222,-34.9539222222222
27,"A2",27,76.7388777777778,-49.7388777777778
27,"A2",27,78.3508055555555,-51.3508055555555
27,"A2",27,121.716838888889,-94.7168388888888
27,"A2",57,265.360461111111,-208.360461111111
27,"A2",87,86.9340611111111,0.0659388888888799
27,"A2",149,357.980316666667,-208.980316666667
27,"A2",209,440.931,-231.931
27,"A2",267,297.068966666666,-30.068966666666
27,"A2",326,385.455822222222,-59.4558222222216
27,"A2",390,430.243283333333,-40.2432833333326
27,"A2",448,524.258288888889,-76.258288888889
27,"A2",734,566.020322222222,167.979677777778
27,"A2",930,1287.4379,-357.437899999999
27,"A2",1130,1388.71584444444,-258.715844444443
27,"A2",1326,1019.11069444444,306.889305555556
27,"A2",1516,1323.46947222222,192.530527777778
27,"A2",1703,1440.09215,262.90785
27,"A3",0,42.8899333333333,-42.8899333333333
27,"A3",27,70.0051222222222,-43.0051222222222
27,"A3",27,76.1330944444444,-49.1330944444444
27,"A3",27,67.5628611111111,-40.5628611111111
27,"A3",27,86.6299111111111,-59.6299111111111
27,"A3",27,58.2471944444444,-31.2471944444444
27,"A3",27,60.5135444444444,-33.5135444444444
27,"A3",57,214.288261111111,-157.288261111111
27,"A3",87,423.778738888889,-336.778738888889
27,"A3",149,424.579361111111,-275.579361111111
27,"A3",209,200.290722222222,8.70927777777814
27,"A3",267,225.834894444444,41.1651055555556
27,"A3",326,215.085538888889,110.914461111111
27,"A3",390,404.738622222222,-14.7386222222219
27,"A3",448,587.681827777777,-139.681827777777
27,"A3",734,484.901155555555,249.098844444445
27,"A3",930,1277.05131666667,-347.051316666667
27,"A3",1326,1197.15139444444,128.848605555558
27,"A3",1516,1249.92155555555,266.078444444445
27,"A3",1703,798.088738888887,904.911261111113
27,"A4",0,76.5937333333333,-76.5937333333333
27,"A4",27,67.9342,-40.9342
27,"A4",27,61.1709388888889,-34.1709388888889
27,"A4",27,63.4751111111111,-36.4751111111111
27,"A4",27,125.527905555556,-98.5279055555555
27,"A4",27,45.8652444444444,-18.8652444444444
27,"A4",27,80.9289833333333,-53.9289833333333
27,"A4",57,124.1909,-67.1908999999999
27,"A4",87,184.274716666667,-97.2747166666665
27,"A4",149,291.636616666666,-142.636616666666
27,"A4",267,494.860033333333,-227.860033333333
27,"A4",326,468.527938888889,-142.527938888889
27,"A4",390,591.3007,-201.3007
27,"A4",448,590.419838888889,-142.419838888889
27,"A4",734,693.34741111111,40.6525888888897
27,"A4",930,836.108472222221,93.8915277777787
27,"A4",1130,840.777155555555,289.222844444445
27,"A4",1326,983.690905555553,342.309094444447
27,"A4",1516,1183.36601111111,332.633988888891
27,"A4",1703,1204.17146111111,498.828538888889
27,"A5",0,42.7319388888889,-42.7319388888889
27,"A5",27,77.1414611111111,-50.1414611111111
27,"A5",27,95.1191222222222,-68.1191222222222
27,"A5",27,67.8618277777777,-40.8618277777777
27,"A5",27,98.9639666666666,-71.9639666666666
27,"A5",27,68.6017666666666,-41.6017666666666
27,"A5",27,104.535472222222,-77.5354722222222
27,"A5",57,214.862638888889,-157.862638888889
27,"A5",87,447.372750000001,-360.372750000001
27,"A5",149,214.618272222222,-65.6182722222221
27,"A5",209,233.822422222222,-24.8224222222222
27,"A5",267,398.622722222222,-131.622722222222
27,"A5",326,663.582511111112,-337.582511111112
27,"A5",390,665.22508888889,-275.22508888889
27,"A5",448,777.580333333333,-329.580333333333
27,"A5",734,786.98263888889,-52.9826388888904
27,"A5",930,731.603844444446,198.396155555554
27,"A5",1130,849.629144444446,280.370855555554
27,"A5",1326,1082.87428333333,243.125716666667
27,"A5",1516,779.278716666668,736.721283333332
27,"A5",1703,1057.95955555555,645.040444444446
27,"A6",0,165.70945,-165.70945
27,"A6",27,64.9386333333333,-37.9386333333333
27,"A6",27,202.044544444444,-175.044544444444
27,"A6",27,59.0785166666667,-32.0785166666667
27,"A6",27,95.2529722222222,-68.2529722222222
27,"A6",27,193.802983333333,-166.802983333333
27,"A6",27,226.076194444444,-199.076194444444
27,"A6",57,232.176911111111,-175.176911111111
27,"A6",87,227.339944444444,-140.339944444444
27,"A6",149,228.356755555555,-79.3567555555553
27,"A6",209,230.49405,-21.4940499999999
27,"A6",267,371.800188888889,-104.800188888889
27,"A6",326,328.364305555556,-2.36430555555552
27,"A6",390,482.054311111112,-92.0543111111116
27,"A6",448,896.555883333334,-448.555883333334
27,"A6",734,715.099294444444,18.9007055555558
27,"A6",930,1075.93197777778,-145.931977777779
27,"A6",1130,1102.06972777778,27.9302722222205
27,"A6",1326,443.293272222222,882.706727777778
27,"A6",1516,1064.73562777778,451.264372222222
27,"A6",1703,1100.66384444445,602.336155555555
57,"A1",0,29.1402944444444,-29.1402944444444
57,"A1",27,71.8169666666667,-44.8169666666667
57,"A1",57,84.2287777777778,-27.2287777777778
57,"A1",57,455.258011111111,-398.258011111111
57,"A1",57,328.918005555556,-271.918005555556
57,"A1",57,52.1580111111111,4.8419888888889
57,"A1",57,374.689172222223,-317.689172222223
57,"A1",57,68.0537111111111,-11.0537111111111
57,"A1",87,170.185472222222,-83.1854722222222
57,"A1",149,269.250505555555,-120.250505555555
57,"A1",326,285.552205555555,40.4477944444446
57,"A1",390,353.979711111112,36.0202888888883
57,"A1",448,361.692472222222,86.3075277777779
57,"A1",734,377.739027777779,356.260972222221
57,"A1",930,1145.85922222222,-215.859222222223
57,"A1",1130,1113.78633888889,16.2136611111105
57,"A1",1326,1183.43546666667,142.564533333335
57,"A1",1516,1290.14958333333,225.850416666667
57,"A1",1703,1410.44721111111,292.552788888888
57,"A2",0,73.8577388888888,-73.8577388888888
57,"A2",27,80.2006277777779,-53.2006277777779
57,"A2",57,51.7044833333334,5.29551666666662
57,"A2",57,418.106083333333,-361.106083333333
57,"A2",57,295.442105555556,-238.442105555556
57,"A2",57,58.9799833333333,-1.97998333333334
57,"A2",57,376.41025,-319.41025
57,"A2",57,112.072327777778,-55.0723277777778
57,"A2",87,106.556177777778,-19.5561777777778
57,"A2",149,319.236766666666,-170.236766666666
57,"A2",209,404.042794444444,-195.042794444444
57,"A2",267,348.854105555555,-81.8541055555552
57,"A2",326,375.823611111111,-49.8236111111108
57,"A2",390,407.894155555555,-17.894155555555
57,"A2",448,521.247072222222,-73.2470722222223
57,"A2",734,665.519055555554,68.4809444444455
57,"A2",930,1287.25401666667,-357.254016666667
57,"A2",1130,1403.24065555556,-273.240655555557
57,"A2",1326,1036.44986666667,289.550133333334
57,"A2",1516,1420.67490555556,95.3250944444442
57,"A2",1703,1433.60317222222,269.396827777776
57,"A3",0,22.15425,-22.15425
57,"A3",27,41.9089444444445,-14.9089444444445
57,"A3",57,52.4795222222222,4.52047777777776
57,"A3",57,552.218966666666,-495.218966666666
57,"A3",57,424.8162,-367.8162
57,"A3",57,55.4167333333334,1.58326666666662
57,"A3",57,530.939033333332,-473.939033333332
57,"A3",57,59.3344555555556,-2.33445555555559
57,"A3",87,490.541666666666,-403.541666666666
57,"A3",149,406.339672222222,-257.339672222222
57,"A3",209,184.945316666666,24.0546833333335
57,"A3",267,234.772316666666,32.2276833333339
57,"A3",326,230.638027777778,95.3619722222224
57,"A3",390,479.7733,-89.7732999999996
57,"A3",448,605.553461111111,-157.553461111111
57,"A3",734,478.097705555555,255.902294444445
57,"A3",930,1281.55950555556,-351.559505555556
57,"A3",1326,1238.21898333333,87.781016666667
57,"A3",1516,1240.68266111111,275.317338888889
57,"A3",1703,854.2883,848.7117
57,"A4",0,55.9394666666667,-55.9394666666667
57,"A4",27,94.69675,-67.69675
57,"A4",57,50.5615666666667,6.43843333333331
57,"A4",57,438.08775,-381.08775
57,"A4",57,325.233711111111,-268.233711111111
57,"A4",57,91.6092388888889,-34.6092388888889
57,"A4",57,350.620066666667,-293.620066666667
57,"A4",57,72.9375166666668,-15.9375166666668
57,"A4",87,160.624372222222,-73.6243722222223
57,"A4",149,258.668811111111,-109.668811111111
57,"A4",267,473.252105555556,-206.252105555556
57,"A4",326,431.727666666667,-105.727666666667
57,"A4",390,553.943766666667,-163.943766666667
57,"A4",448,567.001022222223,-119.001022222223
57,"A4",734,688.5831,45.4169000000004
57,"A4",930,891.123083333334,38.8769166666665
57,"A4",1130,909.460544444444,220.539455555556
57,"A4",1326,1096.66816111111,229.331838888891
57,"A4",1516,1264.49147777778,251.508522222222
57,"A4",1703,1202.67800555556,500.321994444445
57,"A5",0,36.5470611111111,-36.5470611111111
57,"A5",27,50.2298166666667,-23.2298166666667
57,"A5",57,52.6820944444445,4.31790555555555
57,"A5",57,396.777538888889,-339.777538888889
57,"A5",57,297.460588888889,-240.460588888889
57,"A5",57,75.5629722222222,-18.5629722222222
57,"A5",57,308.626827777778,-251.626827777778
57,"A5",57,79.7814833333334,-22.7814833333334
57,"A5",87,440.176777777778,-353.176777777778
57,"A5",149,211.006227777778,-62.0062277777777
57,"A5",209,226.797794444445,-17.7977944444445
57,"A5",267,382.831938888889,-115.831938888889
57,"A5",326,661.004783333334,-335.004783333334
57,"A5",390,671.188772222223,-281.188772222223
57,"A5",448,756.223888888889,-308.223888888889
57,"A5",734,823.521677777779,-89.5216777777787
57,"A5",930,729.590522222223,200.409477777777
57,"A5",1130,856.157316666668,273.842683333332
57,"A5",1326,1133.84663888889,192.15336111111
57,"A5",1516,788.621961111112,727.378038888888
57,"A5",1703,1098.17413333333,604.825866666666
57,"A6",0,148.587905555556,-148.587905555556
57,"A6",27,254.984638888889,-227.984638888889
57,"A6",57,45.0092833333333,11.9907166666667
57,"A6",57,707.347083333334,-650.347083333334
57,"A6",57,398.564833333333,-341.564833333333
57,"A6",57,69.0490166666666,-12.0490166666666
57,"A6",57,532.7697,-475.7697
57,"A6",57,172.575988888889,-115.575988888889
57,"A6",87,228.228816666667,-141.228816666667
57,"A6",149,201.589466666666,-52.5894666666665
57,"A6",209,221.507733333333,-12.5077333333331
57,"A6",267,375.527061111111,-108.527061111111
57,"A6",326,320.278466666667,5.72153333333318
57,"A6",390,496.069255555555,-106.069255555555
57,"A6",448,921.579405555557,-473.579405555557
57,"A6",734,785.944527777779,-51.9445277777786
57,"A6",930,1083.72266666667,-153.722666666667
57,"A6",1130,1120.92727222222,9.07272777777644
57,"A6",1326,354.4113,971.5887
57,"A6",1516,1072.76441666667,443.235583333333
57,"A6",1703,1102.36915,600.63085
87,"A1",0,23.1092277777778,-23.1092277777778
87,"A1",27,54.4551388888889,-27.4551388888889
87,"A1",57,60.6600722222222,-3.66007222222223
87,"A1",87,123.611322222222,-36.6113222222223
87,"A1",87,125.199244444444,-38.1992444444444
87,"A1",87,363.407583333333,-276.407583333333
87,"A1",87,250.036227777778,-163.036227777778
87,"A1",87,375.5589,-288.5589
87,"A1",87,341.649516666667,-254.649516666667
87,"A1",149,329.463994444444,-180.463994444444
87,"A1",326,312.908744444444,13.0912555555558
87,"A1",390,340.774394444444,49.2256055555555
87,"A1",448,349.107672222222,98.892327777778
87,"A1",734,368.588283333334,365.411716666666
87,"A1",930,1148.93276666667,-218.932766666667
87,"A1",1130,1068.66324444444,61.3367555555556
87,"A1",1326,1179.45634444444,146.543655555558
87,"A1",1516,1263.10203333333,252.897966666668
87,"A1",1703,1410.27463333333,292.725366666668
87,"A2",0,55.9317666666666,-55.9317666666666
87,"A2",27,59.9030166666667,-32.9030166666667
87,"A2",57,231.052872222222,-174.052872222222
87,"A2",87,88.8983944444445,-1.89839444444446
87,"A2",87,158.104466666667,-71.1044666666667
87,"A2",87,405.5509,-318.5509
87,"A2",87,227.732083333333,-140.732083333333
87,"A2",87,428.590322222222,-341.590322222222
87,"A2",87,318.013316666666,-231.013316666666
87,"A2",149,403.183611111111,-254.183611111111
87,"A2",209,467.463744444444,-258.463744444444
87,"A2",267,303.132783333333,-36.1327833333331
87,"A2",326,387.070183333333,-61.0701833333334
87,"A2",390,399.349977777778,-9.34997777777761
87,"A2",448,510.272138888889,-62.2721388888887
87,"A2",734,493.806211111111,240.193788888889
87,"A2",930,1277.7722,-347.7722
87,"A2",1130,1398.73184444444,-268.731844444444
87,"A2",1326,1027.71816666667,298.281833333334
87,"A2",1516,1307.71281111111,208.28718888889
87,"A2",1703,1469.33382222222,233.666177777777
87,"A3",0,24.0417666666667,-24.0417666666667
87,"A3",27,40.7156333333333,-13.7156333333333
87,"A3",57,223.175955555555,-166.175955555555
87,"A3",87,145.337366666667,-58.3373666666666
87,"A3",87,111.617311111111,-24.6173111111112
87,"A3",87,395.834777777778,-308.834777777778
87,"A3",87,213.82595,-126.82595
87,"A3",87,537.576055555555,-450.576055555555
87,"A3",87,294.03985,-207.03985
87,"A3",149,574.283644444444,-425.283644444444
87,"A3",209,227.554544444444,-18.5545444444441
87,"A3",267,243.434211111111,23.5657888888893
87,"A3",326,242.635977777777,83.3640222222226
87,"A3",390,404.147722222222,-14.1477222222223
87,"A3",448,579.928772222222,-131.928772222222
87,"A3",734,481.211111111111,252.788888888889
87,"A3",930,1266.14513333333,-336.145133333332
87,"A3",1326,1215.96752222222,110.032477777778
87,"A3",1516,1248.50786666667,267.492133333335
87,"A3",1703,754.070983333333,948.929016666667
87,"A4",0,64.5952,-64.5952
87,"A4",27,167.915688888889,-140.915688888889
87,"A4",57,238.374244444444,-181.374244444444
87,"A4",87,106.817238888889,-19.8172388888889
87,"A4",87,125.697416666667,-38.6974166666667
87,"A4",87,482.442888888888,-395.442888888888
87,"A4",87,311.381338888889,-224.381338888889
87,"A4",87,369.963338888889,-282.963338888889
87,"A4",87,349.3031,-262.3031
87,"A4",149,311.735827777778,-162.735827777778
87,"A4",267,494.965527777778,-227.965527777778
87,"A4",326,467.22055,-141.22055
87,"A4",390,589.735216666667,-199.735216666667
87,"A4",448,568.271538888889,-120.271538888889
87,"A4",734,664.990722222222,69.0092777777782
87,"A4",930,865.87191111111,64.1280888888897
87,"A4",1130,849.507833333333,280.492166666667
87,"A4",1326,1064.87501666667,261.124983333335
87,"A4",1516,1301.14601111111,214.853988888891
87,"A4",1703,1207.91677222222,495.083227777778
87,"A5",0,33.4900777777778,-33.4900777777778
87,"A5",27,32.1528222222222,-5.15282222222223
87,"A5",57,266.25445,-209.25445
87,"A5",87,153.910994444444,-66.9109944444444
87,"A5",87,155.844266666667,-68.8442666666667
87,"A5",87,342.263772222222,-255.263772222222
87,"A5",87,333.609688888889,-246.609688888889
87,"A5",87,495.803761111112,-408.803761111112
87,"A5",87,411.226133333333,-324.226133333333
87,"A5",149,213.460822222222,-64.4608222222221
87,"A5",209,224.089433333333,-15.0894333333331
87,"A5",267,385.548255555556,-118.548255555556
87,"A5",326,735.086350000001,-409.086350000001
87,"A5",390,669.550800000001,-279.550800000001
87,"A5",448,772.285727777778,-324.285727777778
87,"A5",734,800.937783333334,-66.937783333334
87,"A5",930,765.775833333334,164.224166666666
87,"A5",1130,903.569161111111,226.430838888889
87,"A5",1326,1124.57321111111,201.426788888891
87,"A5",1516,810.951088888889,705.048911111111
87,"A5",1703,1088.22084444444,614.779155555558
87,"A6",0,300.839583333334,-300.839583333334
87,"A6",27,174.7178,-147.7178
87,"A6",57,134.894033333333,-77.8940333333333
87,"A6",87,119.301522222222,-32.3015222222222
87,"A6",87,220.4478,-133.4478
87,"A6",87,429.216144444444,-342.216144444444
87,"A6",87,341.889733333333,-254.889733333333
87,"A6",87,383.091472222223,-296.091472222223
87,"A6",87,346.377505555555,-259.377505555555
87,"A6",149,228.585094444444,-79.5850944444444
87,"A6",209,235.879938888889,-26.8799388888889
87,"A6",267,370.592133333333,-103.592133333333
87,"A6",326,326.586933333333,-0.586933333333207
87,"A6",390,444.797277777777,-54.7972777777774
87,"A6",448,864.83476111111,-416.83476111111
87,"A6",734,661.150833333332,72.8491666666675
87,"A6",930,1112.26845555556,-182.268455555556
87,"A6",1130,1150.24742777778,-20.2474277777796
87,"A6",1326,571.140172222222,754.859827777778
87,"A6",1516,1092.90688333333,423.093116666666
87,"A6",1703,1111.08678888889,591.91321111111
149,"A1",0,20.1873944444445,-20.1873944444445
149,"A1",27,49.3538611111111,-22.3538611111111
149,"A1",57,54.3385944444444,2.66140555555557
149,"A1",87,97.65975,-10.65975
149,"A1",149,403.2362,-254.2362
149,"A1",149,353.106977777777,-204.106977777777
149,"A1",149,458.292761111111,-309.292761111111
149,"A1",149,468.480577777777,-319.480577777777
149,"A1",149,272.512283333333,-123.512283333333
149,"A1",149,303.517811111111,-154.517811111111
149,"A1",326,331.677588888889,-5.67758888888875
149,"A1",390,341.767288888889,48.2327111111109
149,"A1",448,400.748216666666,47.2517833333338
149,"A1",734,362.687527777778,371.312472222222
149,"A1",930,1144.07908888889,-214.079088888888
149,"A1",1130,1108.81682222222,21.1831777777772
149,"A1",1326,1222.01109444444,103.988905555557
149,"A1",1516,1256.44769444445,259.552305555555
149,"A1",1703,1392.53438888889,310.465611111111
149,"A2",0,39.0369944444444,-39.0369944444444
149,"A2",27,59.7478111111111,-32.7478111111111
149,"A2",57,206.035927777778,-149.035927777778
149,"A2",87,79.7646611111111,7.23533888888886
149,"A2",149,451.008205555556,-302.008205555556
149,"A2",149,441.484055555556,-292.484055555556
149,"A2",149,493.148922222223,-344.148922222223
149,"A2",149,447.780900000001,-298.780900000001
149,"A2",149,283.472588888889,-134.472588888889
149,"A2",149,306.51395,-157.51395
149,"A2",209,515.829294444444,-306.829294444444
149,"A2",267,321.595316666667,-54.5953166666666
149,"A2",326,380.354605555555,-54.3546055555553
149,"A2",390,427.18196111111,-37.1819611111105
149,"A2",448,491.294455555555,-43.2944555555554
149,"A2",734,596.900761111111,137.099238888889
149,"A2",930,1285.99786666667,-355.997866666667
149,"A2",1130,1394.25673888889,-264.256738888889
149,"A2",1326,1069.31383888889,256.686161111111
149,"A2",1516,1367.30153888889,148.69846111111
149,"A2",1703,1382.41193888889,320.588061111111
149,"A3",0,25.0421333333333,-25.0421333333333
149,"A3",27,39.3077,-12.3077
149,"A3",57,191.179966666667,-134.179966666667
149,"A3",87,336.195944444444,-249.195944444444
149,"A3",149,327.4683,-178.4683
149,"A3",149,353.184244444444,-204.184244444444
149,"A3",149,463.849038888889,-314.849038888889
149,"A3",149,311.536933333333,-162.536933333333
149,"A3",149,261.652555555556,-112.652555555556
149,"A3",149,312.419288888889,-163.419288888889
149,"A3",209,269.919361111111,-60.9193611111111
149,"A3",267,284.722138888889,-17.722138888889
149,"A3",326,271.923005555555,54.0769944444446
149,"A3",390,411.603827777777,-21.6038277777774
149,"A3",448,571.296644444445,-123.296644444445
149,"A3",734,524.797355555556,209.202644444444
149,"A3",930,1267.53692777778,-337.536927777777
149,"A3",1326,1242.73687222222,83.2631277777803
149,"A3",1516,1231.12786111111,284.872138888892
149,"A3",1703,970.337116666666,732.662883333334
149,"A4",0,60.6381055555556,-60.6381055555556
149,"A4",27,93.209,-66.209
149,"A4",57,99.2082833333333,-42.2082833333333
149,"A4",87,173.095005555556,-86.0950055555556
149,"A4",149,366.69425,-217.69425
149,"A4",149,351.110655555556,-202.110655555556
149,"A4",149,503.180183333333,-354.180183333333
149,"A4",149,418.065738888888,-269.065738888888
149,"A4",149,270.622144444444,-121.622144444444
149,"A4",149,321.817927777778,-172.817927777778
149,"A4",267,458.244133333334,-191.244133333334
149,"A4",326,420.801094444445,-94.8010944444447
149,"A4",390,542.956044444445,-152.956044444445
149,"A4",448,552.280716666667,-104.280716666667
149,"A4",734,657.196722222223,76.803277777777
149,"A4",930,951.069149999999,-21.0691499999987
149,"A4",1130,910.311194444444,219.688805555556
149,"A4",1326,1110.22969444444,215.770305555556
149,"A4",1516,1256.63445,259.36555
149,"A4",1703,1204.458,498.541999999999
149,"A5",0,22.7383555555556,-22.7383555555556
149,"A5",27,27.3467166666667,-0.346716666666673
149,"A5",57,139.797238888889,-82.7972388888889
149,"A5",87,735.939755555556,-648.939755555556
149,"A5",149,608.860255555555,-459.860255555555
149,"A5",149,519.528822222222,-370.528822222222
149,"A5",149,708.687505555556,-559.687505555556
149,"A5",149,555.360811111111,-406.360811111111
149,"A5",149,346.338383333334,-197.338383333334
149,"A5",149,378.759972222223,-229.759972222223
149,"A5",209,376.127666666667,-167.127666666667
149,"A5",267,415.573522222222,-148.573522222222
149,"A5",326,761.136177777778,-435.136177777778
149,"A5",390,806.347783333332,-416.347783333332
149,"A5",448,840.970666666666,-392.970666666666
149,"A5",734,890.723255555556,-156.723255555556
149,"A5",930,759.720366666667,170.279633333333
149,"A5",1130,901.044727777778,228.955272222222
149,"A5",1326,1129.42613333333,196.573866666667
149,"A5",1516,832.597633333334,683.402366666666
149,"A5",1703,1109.15762777778,593.842372222222
149,"A6",0,125.482366666667,-125.482366666667
149,"A6",27,97.9987666666666,-70.9987666666666
149,"A6",57,85.0537055555556,-28.0537055555556
149,"A6",87,252.175005555556,-165.175005555556
149,"A6",149,397.316927777777,-248.316927777777
149,"A6",149,361.009216666667,-212.009216666667
149,"A6",149,453.039094444444,-304.039094444444
149,"A6",149,402.3185,-253.3185
149,"A6",149,295.574727777778,-146.574727777778
149,"A6",149,317.696466666666,-168.696466666666
149,"A6",209,273.488888888889,-64.4888888888888
149,"A6",267,350.202516666667,-83.2025166666668
149,"A6",326,325.843044444445,0.156955555555157
149,"A6",390,443.163138888888,-53.1631388888881
149,"A6",448,852.489355555555,-404.489355555555
149,"A6",734,582.491677777777,151.508322222223
149,"A6",930,1108.01081111111,-178.010811111111
149,"A6",1130,1152.16007222222,-22.1600722222227
149,"A6",1326,659.796394444444,666.203605555556
149,"A6",1516,1095.55343333333,420.446566666668
149,"A6",1703,1116.3239,586.6761
209,"A1",0,28.5965833333333,-28.5965833333333
209,"A1",27,59.6399611111111,-32.6399611111111
209,"A1",57,60.6802944444445,-3.68029444444446
209,"A1",87,105.729966666667,-18.7299666666667
209,"A1",149,335.7701,-186.7701
209,"A1",209,387.033872222222,-178.033872222222
209,"A1",209,299.851194444445,-90.8511944444445
209,"A1",209,241.896422222222,-32.8964222222222
209,"A1",209,260.846633333334,-51.8466333333337
209,"A1",326,306.497405555556,19.5025944444441
209,"A1",390,330.803544444444,59.1964555555559
209,"A1",448,357.105877777777,90.8941222222227
209,"A1",734,361.688166666667,372.311833333333
209,"A1",930,1140.56213333333,-210.562133333332
209,"A1",1130,1118.66243888889,11.3375611111098
209,"A1",1326,1216.71900555555,109.280994444446
209,"A1",1516,1244.34017222222,271.659827777779
209,"A1",1703,1399.34278333333,303.657216666666
209,"A2",0,71.0210611111111,-71.0210611111111
209,"A2",27,57.9673777777778,-30.9673777777778
209,"A2",57,234.682066666667,-177.682066666667
209,"A2",87,87.5729388888889,-0.572938888888928
209,"A2",149,337.136872222222,-188.136872222222
209,"A2",209,424.380016666667,-215.380016666667
209,"A2",209,228.8762,-19.8762
209,"A2",209,211.167627777777,-2.16762777777748
209,"A2",209,240.437938888889,-31.4379388888887
209,"A2",267,303.1233,-36.1232999999997
209,"A2",326,379.781794444444,-53.7817944444444
209,"A2",390,405.10455,-15.1045499999999
209,"A2",448,510.297477777778,-62.2974777777782
209,"A2",734,567.006033333334,166.993966666666
209,"A2",930,1279.32307777778,-349.323077777778
209,"A2",1130,1391.42115555556,-261.421155555555
209,"A2",1326,1022.27490555556,303.725094444444
209,"A2",1516,1335.25385555555,180.746144444445
209,"A2",1703,1401.68266111111,301.317338888889
209,"A3",0,23.95215,-23.95215
209,"A3",27,40.7403944444445,-13.7403944444445
209,"A3",57,189.243088888889,-132.243088888889
209,"A3",87,354.015966666667,-267.015966666667
209,"A3",149,441.057816666667,-292.057816666667
209,"A3",209,449.906672222222,-240.906672222222
209,"A3",209,223.907788888889,-14.9077888888886
209,"A3",209,223.628916666666,-14.6289166666663
209,"A3",209,227.076877777777,-18.0768777777774
209,"A3",267,227.049405555555,39.9505944444449
209,"A3",326,213.975461111111,112.024538888889
209,"A3",390,396.67165,-6.67165000000006
209,"A3",448,578.107688888888,-130.107688888888
209,"A3",734,512.770466666667,221.229533333333
209,"A3",930,1274.30173333333,-344.301733333334
209,"A3",1326,1228.24869444444,97.7513055555571
209,"A3",1516,1251.62073333333,264.379266666668
209,"A3",1703,775.23605,927.76395
209,"A4",0,70.7899833333333,-70.7899833333333
209,"A4",27,97.763088888889,-70.763088888889
209,"A4",57,98.4091444444446,-41.4091444444446
209,"A4",87,175.299894444444,-88.2998944444444
209,"A4",149,304.542277777778,-155.542277777778
209,"A4",209,359.632361111111,-150.632361111111
209,"A4",209,267.504116666667,-58.5041166666665
209,"A4",209,233.869377777777,-24.8693777777773
209,"A4",209,244.036533333333,-35.036533333333
209,"A4",267,482.754283333334,-215.754283333334
209,"A4",326,448.4225,-122.4225
209,"A4",390,566.696766666667,-176.696766666667
209,"A4",448,556.332950000001,-108.332950000001
209,"A4",734,663.033466666667,70.9665333333327
209,"A4",930,851.661005555555,78.3389944444452
209,"A4",1130,878.365183333333,251.634816666667
209,"A4",1326,1054.92138333333,271.078616666668
209,"A4",1516,1218.55942222222,297.44057777778
209,"A4",1703,1205.29462222222,497.705377777779
209,"A5",0,32.1595888888888,-32.1595888888888
209,"A5",27,30.4556888888889,-3.45568888888889
209,"A5",57,171.953138888889,-114.953138888889
209,"A5",87,468.104,-381.104
209,"A5",149,224.896755555556,-75.8967555555556
209,"A5",209,426.342494444445,-217.342494444445
209,"A5",209,269.787916666667,-60.7879166666667
209,"A5",209,237.08975,-28.0897500000002
209,"A5",209,253.293538888889,-44.2935388888891
209,"A5",267,415.456844444444,-148.456844444444
209,"A5",326,665.080294444445,-339.080294444445
209,"A5",390,705.530888888889,-315.530888888889
209,"A5",448,843.04335,-395.04335
209,"A5",734,822.197916666667,-88.1979166666666
209,"A5",930,727.007955555557,202.992044444443
209,"A5",1130,796.816788888888,333.183211111112
209,"A5",1326,1147.26437222222,178.735627777779
209,"A5",1516,795.551027777778,720.448972222222
209,"A5",1703,1104.46642222222,598.533577777778
209,"A6",0,131.126566666667,-131.126566666667
209,"A6",27,108.625044444444,-81.6250444444444
209,"A6",57,89.6127444444444,-32.6127444444444
209,"A6",87,241.271844444444,-154.271844444444
209,"A6",149,227.157094444444,-78.1570944444442
209,"A6",209,329.138977777778,-120.138977777778
209,"A6",209,245.455677777778,-36.4556777777777
209,"A6",209,232.896088888889,-23.8960888888886
209,"A6",209,251.768188888889,-42.7681888888887
209,"A6",267,367.334627777777,-100.334627777777
209,"A6",326,326.326966666667,-0.326966666666522
209,"A6",390,454.252322222222,-64.2523222222221
209,"A6",448,866.450050000001,-418.450050000001
209,"A6",734,642.260683333334,91.7393166666659
209,"A6",930,1105.46972222222,-175.469722222222
209,"A6",1130,1149.46307222222,-19.4630722222232
209,"A6",1326,503.728655555555,822.271344444445
209,"A6",1516,1096.03283333333,419.967166666669
209,"A6",1703,1116.47261666667,586.527383333333
267,"A1",0,23.9417277777778,-23.9417277777778
267,"A1",27,58.7463611111111,-31.7463611111111
267,"A1",57,59.8220333333334,-2.82203333333337
267,"A1",87,108.313544444444,-21.3135444444444
267,"A1",149,287.680644444445,-138.680644444445
267,"A1",267,320.207911111111,-53.2079111111115
267,"A1",267,294.958038888889,-27.9580388888886
267,"A1",267,395.292833333333,-128.292833333333
267,"A1",267,384.040727777778,-117.040727777778
267,"A1",267,355.771577777778,-88.771577777778
267,"A1",326,328.445783333333,-2.44578333333334
267,"A1",390,372.398816666667,17.6011833333333
267,"A1",448,355.310944444444,92.6890555555557
267,"A1",734,420.417605555556,313.582394444444
267,"A1",930,1149.18609444444,-219.186094444444
267,"A1",1130,1049.21453888889,80.78546111111
267,"A1",1326,1228.51493888889,97.4850611111121
267,"A1",1516,1268.05587777778,247.944122222223
267,"A1",1703,1410.4667,292.533299999999
267,"A2",0,61.3040388888888,-61.3040388888888
267,"A2",27,53.8450555555556,-26.8450555555556
267,"A2",57,247.073766666667,-190.073766666667
267,"A2",87,86.44865,0.551349999999985
267,"A2",149,338.781966666666,-189.781966666666
267,"A2",209,422.781544444444,-213.781544444444
267,"A2",267,315.560972222222,-48.5609722222223
267,"A2",267,283.623444444444,-16.6234444444443
267,"A2",267,460.222044444444,-193.222044444444
267,"A2",267,393.335761111111,-126.335761111111
267,"A2",267,412.439611111111,-145.439611111111
267,"A2",326,372.983611111111,-46.9836111111109
267,"A2",390,405.020338888889,-15.0203388888887
267,"A2",448,540.728283333333,-92.7282833333333
267,"A2",734,566.3792,167.6208
267,"A2",930,1289.44468333333,-359.444683333333
267,"A2",1130,1390.05907777778,-260.059077777778
267,"A2",1326,978.741077777778,347.258922222222
267,"A2",1516,1269.44111666667,246.558883333333
267,"A2",1703,1398.40172222222,304.598277777778
267,"A3",0,24.9085888888889,-24.9085888888889
267,"A3",27,42.1526111111111,-15.1526111111111
267,"A3",57,272.123988888889,-215.123988888889
267,"A3",87,454.367844444444,-367.367844444444
267,"A3",149,409.451266666667,-260.451266666667
267,"A3",209,186.0846,22.9154000000001
267,"A3",267,376.277122222221,-109.277122222221
267,"A3",267,221.082544444444,45.9174555555558
267,"A3",267,460.554394444445,-193.554394444445
267,"A3",267,401.312605555556,-134.312605555556
267,"A3",267,434.845238888889,-167.845238888889
267,"A3",326,210.402944444444,115.597055555556
267,"A3",390,454.457294444444,-64.4572944444441
267,"A3",448,603.614872222222,-155.614872222222
267,"A3",734,552.806038888888,181.193961111112
267,"A3",930,1282.3682,-352.368200000002
267,"A3",1326,1265.28127222222,60.7187277777784
267,"A3",1516,1246.60767777778,269.392322222223
267,"A3",1703,820.109416666666,882.890583333334
267,"A4",0,62.851111111111,-62.851111111111
267,"A4",27,105.394511111111,-78.3945111111111
267,"A4",57,99.6173888888889,-42.6173888888889
267,"A4",87,167.37375,-80.37375
267,"A4",149,278.376205555555,-129.376205555555
267,"A4",267,344.585733333333,-77.585733333333
267,"A4",267,290.686727777778,-23.6867277777781
267,"A4",267,525.986266666667,-258.986266666667
267,"A4",267,392.060355555556,-125.060355555556
267,"A4",267,449.151938888889,-182.151938888889
267,"A4",326,507.537494444445,-181.537494444445
267,"A4",390,584.853566666666,-194.853566666666
267,"A4",448,596.2811,-148.2811
267,"A4",734,690.310777777777,43.6892222222228
267,"A4",930,893.811533333333,36.1884666666671
267,"A4",1130,864.581955555556,265.418044444444
267,"A4",1326,1072.65608333333,253.343916666669
267,"A4",1516,1234.18275555555,281.817244444445
267,"A4",1703,1211.91032222222,491.089677777779
267,"A5",0,28.2401833333333,-28.2401833333333
267,"A5",27,30.1551555555555,-3.15515555555555
267,"A5",57,200.88465,-143.88465
267,"A5",87,423.103911111112,-336.103911111112
267,"A5",149,215.538238888889,-66.5382388888889
267,"A5",209,240.123405555556,-31.1234055555557
267,"A5",267,333.937061111111,-66.9370611111113
267,"A5",267,308.040077777778,-41.0400777777779
267,"A5",267,428.848905555556,-161.848905555556
267,"A5",267,396.864138888889,-129.864138888889
267,"A5",267,420.247772222222,-153.247772222222
267,"A5",326,632.056100000001,-306.056100000001
267,"A5",390,642.661144444445,-252.661144444445
267,"A5",448,754.9042,-306.9042
267,"A5",734,787.8455,-53.8455
267,"A5",930,724.739900000001,205.260099999999
267,"A5",1130,830.413144444445,299.586855555555
267,"A5",1326,1122.77905,203.22095
267,"A5",1516,752.447744444445,763.552255555555
267,"A5",1703,1075.90347222222,627.096527777778
267,"A6",0,129.656833333333,-129.656833333333
267,"A6",27,104.403811111111,-77.4038111111111
267,"A6",57,89.4833888888889,-32.4833888888889
267,"A6",87,225.566488888889,-138.566488888889
267,"A6",149,229.487777777778,-80.4877777777776
267,"A6",209,228.460883333334,-19.4608833333335
267,"A6",267,346.568783333333,-79.5687833333331
267,"A6",267,292.1798,-25.1798000000001
267,"A6",267,462.682588888889,-195.682588888889
267,"A6",267,401.392655555555,-134.392655555555
267,"A6",267,432.299061111111,-165.299061111111
267,"A6",326,341.668516666667,-15.6685166666666
267,"A6",390,451.943655555556,-61.9436555555558
267,"A6",448,857.85645,-409.85645
267,"A6",734,693.294344444444,40.7056555555556
267,"A6",930,1101.17670555556,-171.176705555556
267,"A6",1130,1162.23978888889,-32.2397888888888
267,"A6",1326,421.671444444445,904.328555555555
267,"A6",1516,1101.94176111111,414.058238888889
267,"A6",1703,1112.39144444444,590.608555555555
326,"A1",0,19.1652833333333,-19.1652833333333
326,"A1",27,56.3109388888889,-29.3109388888889
326,"A1",57,58.8693055555556,-1.86930555555561
326,"A1",87,103.179677777778,-16.1796777777778
326,"A1",149,310.075516666667,-161.075516666667
326,"A1",326,304.096105555555,21.9038944444448
326,"A1",326,347.053477777777,-21.0534777777771
326,"A1",326,264.099116666666,61.9008833333335
326,"A1",326,324.1167,1.88329999999991
326,"A1",326,557.85108888889,-231.85108888889
326,"A1",326,325.254111111111,0.745888888889397
326,"A1",390,339.191722222222,50.8082777777781
326,"A1",448,351.7655,96.2345000000004
326,"A1",734,378.762794444444,355.237205555556
326,"A1",930,1153.18313333333,-223.183133333331
326,"A1",1130,1088.91458888889,41.0854111111112
326,"A1",1326,1169.88005,156.119950000002
326,"A1",1516,1257.39106666666,258.608933333335
326,"A1",1703,1409.74203333333,293.257966666667
326,"A2",0,52.8500499999999,-52.8500499999999
326,"A2",27,56.0583,-29.0583
326,"A2",57,233.064111111111,-176.064111111111
326,"A2",87,84.5069333333334,2.49306666666665
326,"A2",149,374.457422222222,-225.457422222222
326,"A2",209,429.808827777778,-220.808827777778
326,"A2",267,301.567794444444,-34.5677944444443
326,"A2",326,337.918933333333,-11.918933333333
326,"A2",326,358.492883333333,-32.4928833333334
326,"A2",326,263.620394444444,62.3796055555561
326,"A2",326,354.873222222222,-28.8732222222222
326,"A2",326,651.143388888889,-325.143388888889
326,"A2",326,348.239222222222,-22.2392222222219
326,"A2",390,387.215222222222,2.78477777777823
326,"A2",448,510.723611111111,-62.7236111111113
326,"A2",734,548.722161111111,185.277838888889
326,"A2",930,1293.62511111111,-363.625111111112
326,"A2",1130,1400.76337222222,-270.763372222223
326,"A2",1326,954.816033333332,371.183966666668
326,"A2",1516,1308.86579444444,207.134205555557
326,"A2",1703,1404.96005,298.039949999999
326,"A3",0,26.8180722222222,-26.8180722222222
326,"A3",27,44.1144722222222,-17.1144722222222
326,"A3",57,211.945711111111,-154.945711111111
326,"A3",87,400.133138888889,-313.133138888889
326,"A3",149,421.336372222222,-272.336372222222
326,"A3",209,206.161888888889,2.83811111111117
326,"A3",267,234.334277777777,32.6657222222225
326,"A3",326,330.211216666666,-4.21121666666636
326,"A3",326,354.495283333333,-28.4952833333331
326,"A3",326,234.147822222222,91.8521777777778
326,"A3",326,337.840172222223,-11.8401722222226
326,"A3",326,653.876877777778,-327.876877777778
326,"A3",326,313.169977777778,12.8300222222223
326,"A3",390,425.448611111111,-35.4486111111113
326,"A3",448,610.410383333333,-162.410383333333
326,"A3",734,467.530844444445,266.469155555555
326,"A3",930,1281.37485555556,-351.374855555556
326,"A3",1326,1221.20265555555,104.797344444446
326,"A3",1516,1250.42650555555,265.573494444447
326,"A3",1703,783.823299999999,919.176700000001
326,"A4",0,47.7715833333333,-47.7715833333333
326,"A4",27,107.000788888889,-80.0007888888889
326,"A4",57,101.728955555556,-44.7289555555555
326,"A4",87,164.230527777778,-77.2305277777778
326,"A4",149,284.309383333333,-135.309383333333
326,"A4",267,483.601383333333,-216.601383333333
326,"A4",326,360.369222222222,-34.3692222222218
326,"A4",326,386.667677777777,-60.6676777777774
326,"A4",326,221.432816666667,104.567183333333
326,"A4",326,447.107094444444,-121.107094444444
326,"A4",326,573.420383333334,-247.420383333334
326,"A4",326,333.994255555555,-7.99425555555501
326,"A4",390,539.330816666667,-149.330816666667
326,"A4",448,567.279811111113,-119.279811111113
326,"A4",734,662.124361111112,71.875638888888
326,"A4",930,876.9982,53.0018000000001
326,"A4",1130,891.224661111112,238.775338888888
326,"A4",1326,1074.00377777778,251.996222222223
326,"A4",1516,1251.89975,264.10025
326,"A4",1703,1216.03124444444,486.968755555555
326,"A5",0,31.7260222222222,-31.7260222222222
326,"A5",27,28.3998777777778,-1.39987777777777
326,"A5",57,194.025066666667,-137.025066666667
326,"A5",87,424.35965,-337.35965
326,"A5",149,217.303283333333,-68.3032833333331
326,"A5",209,232.292116666667,-23.2921166666666
326,"A5",267,414.497211111111,-147.497211111111
326,"A5",326,354.966183333333,-28.9661833333329
326,"A5",326,361.816166666666,-35.8161666666662
326,"A5",326,300.463627777777,25.5363722222228
326,"A5",326,302.889466666667,23.1105333333331
326,"A5",326,643.074516666667,-317.074516666667
326,"A5",326,339.131727777777,-13.1317277777772
326,"A5",390,679.657616666666,-289.657616666666
326,"A5",448,788.074583333334,-340.074583333334
326,"A5",734,809.254227777778,-75.2542277777781
326,"A5",930,729.674705555556,200.325294444444
326,"A5",1130,818.990327777778,311.009672222222
326,"A5",1326,1141.50927222222,184.490727777777
326,"A5",1516,785.504205555556,730.495794444444
326,"A5",1703,1097.72462222222,605.275377777778
326,"A6",0,143.244861111111,-143.244861111111
326,"A6",27,109.45255,-82.45255
326,"A6",57,83.1705944444444,-26.1705944444444
326,"A6",87,234.935511111111,-147.935511111111
326,"A6",149,238.918094444444,-89.9180944444441
326,"A6",209,232.751366666666,-23.7513666666664
326,"A6",267,361.918505555555,-94.9185055555553
326,"A6",326,355.824377777778,-29.8243777777776
326,"A6",326,371.355694444444,-45.3556944444439
326,"A6",326,251.112566666666,74.8874333333336
326,"A6",326,348.584188888889,-22.5841888888892
326,"A6",326,508.901516666667,-182.901516666667
326,"A6",326,331.785211111111,-5.78521111111087
326,"A6",390,459.7504,-69.7504000000001
326,"A6",448,864.179127777778,-416.179127777778
326,"A6",734,663.562616666666,70.4373833333335
326,"A6",930,1116.85431111111,-186.854311111111
326,"A6",1130,1152.24765,-22.2476500000002
326,"A6",1326,522.233177777778,803.766822222222
326,"A6",1516,1094.36171666667,421.638283333333
326,"A6",1703,1112.99358333333,590.006416666667
390,"A1",0,21.0175388888889,-21.0175388888889
390,"A1",27,52.3697111111111,-25.3697111111111
390,"A1",57,59.2313888888889,-2.23138888888889
390,"A1",87,104.2732,-17.2732
390,"A1",149,312.646355555556,-163.646355555556
390,"A1",326,277.501716666667,48.4982833333332
390,"A1",390,312.213133333333,77.7868666666666
390,"A1",390,347.910088888889,42.0899111111112
390,"A1",390,374.664633333334,15.3353666666665
390,"A1",390,369.605322222222,20.394677777778
390,"A1",390,652.983827777778,-262.983827777778
390,"A1",390,377.131283333333,12.8687166666671
390,"A1",448,342.011366666667,105.988633333333
390,"A1",734,351.634433333333,382.365566666667
390,"A1",930,1158.54793333333,-228.547933333334
390,"A1",1130,1047.4269,82.5730999999989
390,"A1",1326,1187.61606111111,138.38393888889
390,"A1",1516,1238.36357222222,277.636427777778
390,"A1",1703,1405.97018333333,297.029816666666
390,"A2",0,49.2011166666666,-49.2011166666666
390,"A2",27,57.3459166666667,-30.3459166666667
390,"A2",57,260.237127777778,-203.237127777778
390,"A2",87,84.6700944444444,2.32990555555556
390,"A2",149,335.03711111111,-186.03711111111
390,"A2",209,413.71326111111,-204.71326111111
390,"A2",267,287.583383333333,-20.583383333333
390,"A2",326,391.061588888889,-65.0615888888889
390,"A2",390,372.637433333333,17.3625666666669
390,"A2",390,431.912572222222,-41.912572222222
390,"A2",390,364.901138888889,25.0988611111114
390,"A2",390,370.4631,19.5369000000001
390,"A2",390,612.747677777778,-222.747677777778
390,"A2",390,472.6658,-82.6658
390,"A2",448,543.786788888889,-95.7867888888894
390,"A2",734,527.717466666666,206.282533333334
390,"A2",930,1286.74753888889,-356.747538888887
390,"A2",1130,1382.74612777778,-252.746127777777
390,"A2",1326,989.414366666667,336.585633333333
390,"A2",1516,1305.89433888889,210.105661111111
390,"A2",1703,1430.62686666667,272.373133333332
390,"A3",0,25.3063166666667,-25.3063166666667
390,"A3",27,40.6865444444444,-13.6865444444444
390,"A3",57,216.65875,-159.65875
390,"A3",87,421.74195,-334.74195
390,"A3",149,416.348855555555,-267.348855555555
390,"A3",209,182.215094444444,26.7849055555559
390,"A3",267,227.6424,39.3576
390,"A3",326,206.670788888889,119.329211111111
390,"A3",390,388.597383333333,1.40261666666692
390,"A3",390,419.248805555554,-29.2488055555545
390,"A3",390,403.584577777777,-13.5845777777773
390,"A3",390,376.662394444444,13.3376055555559
390,"A3",390,523.521422222222,-133.521422222222
390,"A3",390,475.711716666666,-85.7117166666663
390,"A3",448,576.433188888889,-128.433188888889
390,"A3",734,530.261966666666,203.738033333334
390,"A3",930,1289.37007222222,-359.370072222224
390,"A3",1326,1247.88088888889,78.1191111111107
390,"A3",1516,1251.51216666667,264.487833333334
390,"A3",1703,821.985611111111,881.014388888889
390,"A4",0,48.3401555555555,-48.3401555555555
390,"A4",27,106.29615,-79.2961500000001
390,"A4",57,101.104138888889,-44.104138888889
390,"A4",87,166.792766666667,-79.7927666666667
390,"A4",149,298.144583333333,-149.144583333333
390,"A4",267,479.465066666667,-212.465066666667
390,"A4",326,471.152200000001,-145.152200000001
390,"A4",390,368.103383333333,21.8966166666666
390,"A4",390,413.587911111111,-23.5879111111111
390,"A4",390,410.453388888889,-20.4533888888888
390,"A4",390,559.870166666667,-169.870166666667
390,"A4",390,579.506194444444,-189.506194444444
390,"A4",390,455.166172222222,-65.1661722222221
390,"A4",448,574.834066666666,-126.834066666666
390,"A4",734,667.131688888889,66.8683111111113
390,"A4",930,946.39471111111,-16.3947111111102
390,"A4",1130,870.065300000002,259.934699999998
390,"A4",1326,1062.99695555556,263.003044444445
390,"A4",1516,1249.90407222222,266.09592777778
390,"A4",1703,1217.80528888889,485.194711111112
390,"A5",0,30.5568166666667,-30.5568166666667
390,"A5",27,33.4101,-6.41009999999999
390,"A5",57,201.572288888889,-144.572288888889
390,"A5",87,433.209655555557,-346.209655555557
390,"A5",149,214.537894444444,-65.5378944444443
390,"A5",209,241.323338888889,-32.3233388888887
390,"A5",267,386.962844444444,-119.962844444444
390,"A5",326,651.62988888889,-325.62988888889
390,"A5",390,370.417666666666,19.5823333333335
390,"A5",390,443.728172222222,-53.7281722222221
390,"A5",390,348.638583333333,41.361416666667
390,"A5",390,305.474383333333,84.5256166666671
390,"A5",390,670.959533333333,-280.959533333333
390,"A5",390,498.586477777778,-108.586477777778
390,"A5",448,752.529566666666,-304.529566666666
390,"A5",734,812.770477777779,-78.7704777777786
390,"A5",930,734.660255555557,195.339744444443
390,"A5",1130,844.403888888889,285.596111111111
390,"A5",1326,1126.56914444444,199.430855555556
390,"A5",1516,800.442188888889,715.557811111111
390,"A5",1703,1099.17756666667,603.822433333334
390,"A6",0,106.149538888889,-106.149538888889
390,"A6",27,108.616611111111,-81.616611111111
390,"A6",57,97.0217777777778,-40.0217777777778
390,"A6",87,196.564194444444,-109.564194444444
390,"A6",149,240.160561111111,-91.1605611111108
390,"A6",209,226.447733333333,-17.4477333333329
390,"A6",267,360.5701,-93.5701000000001
390,"A6",326,326.167794444444,-0.167794444444496
390,"A6",390,387.21375,2.78624999999994
390,"A6",390,440.036794444444,-50.0367944444437
390,"A6",390,388.123172222222,1.87682777777758
390,"A6",390,425.421177777778,-35.4211777777779
390,"A6",390,492.185738888889,-102.185738888889
390,"A6",390,477.955105555556,-87.9551055555556
390,"A6",448,892.2179,-444.2179
390,"A6",734,700.548388888889,33.4516111111107
390,"A6",930,1089.90443333333,-159.904433333332
390,"A6",1130,1120.67889444444,9.32110555555528
390,"A6",1326,459.735766666666,866.264233333334
390,"A6",1516,1090.8404,425.159600000001
390,"A6",1703,1112.46469444444,590.535305555556
448,"A1",0,21.7410777777778,-21.7410777777778
448,"A1",27,57.3469388888889,-30.3469388888889
448,"A1",57,65.4736611111111,-8.47366111111113
448,"A1",87,114.650322222222,-27.6503222222222
448,"A1",149,304.938438888889,-155.938438888889
448,"A1",326,302.720366666666,23.2796333333339
448,"A1",390,326.028627777777,63.9713722222226
448,"A1",448,335.299133333333,112.700866666667
448,"A1",448,518.554433333333,-70.5544333333335
448,"A1",448,527.482244444444,-79.4822444444438
448,"A1",448,496.514044444444,-48.5140444444435
448,"A1",448,772.700916666667,-324.700916666667
448,"A1",448,821.187194444445,-373.187194444445
448,"A1",734,376.052266666666,357.947733333334
448,"A1",930,1154.75474444445,-224.754744444445
448,"A1",1130,1091.02965555556,38.970344444444
448,"A1",1326,1246.89812777778,79.1018722222245
448,"A1",1516,1340.55478888889,175.445211111111
448,"A1",1703,1438.00092222222,264.999077777777
448,"A2",0,54.2694222222221,-54.2694222222221
448,"A2",27,61.2115277777778,-34.2115277777778
448,"A2",57,244.221044444444,-187.221044444444
448,"A2",87,80.2214666666667,6.77853333333333
448,"A2",149,347.492816666667,-198.492816666667
448,"A2",209,490.959266666666,-281.959266666666
448,"A2",267,315.218316666667,-48.2183166666666
448,"A2",326,372.5849,-46.5849000000003
448,"A2",390,408.338222222222,-18.3382222222222
448,"A2",448,385.617627777778,62.3823722222221
448,"A2",448,565.370566666666,-117.370566666666
448,"A2",448,605.95356111111,-157.95356111111
448,"A2",448,561.126722222221,-113.126722222221
448,"A2",448,844.034155555556,-396.034155555556
448,"A2",448,951.946850000001,-503.946850000001
448,"A2",734,570.173194444444,163.826805555556
448,"A2",930,1308.47093888889,-378.470938888888
448,"A2",1130,1404.11281111111,-274.112811111111
448,"A2",1326,1097.89356666667,228.106433333334
448,"A2",1516,1305.64100555556,210.358994444445
448,"A2",1703,1399.86482777778,303.135172222223
448,"A3",0,26.0400611111111,-26.0400611111111
448,"A3",27,40.8971833333333,-13.8971833333333
448,"A3",57,198.073544444444,-141.073544444444
448,"A3",87,376.225822222222,-289.225822222222
448,"A3",149,415.2967,-266.2967
448,"A3",209,186.219561111111,22.780438888889
448,"A3",267,217.023344444444,49.9766555555557
448,"A3",326,205.077394444444,120.922605555556
448,"A3",390,424.734399999999,-34.7343999999994
448,"A3",448,398.248027777777,49.7519722222227
448,"A3",448,497.041033333333,-49.0410333333328
448,"A3",448,620.45716111111,-172.45716111111
448,"A3",448,568.813705555554,-120.813705555554
448,"A3",448,775.178761111111,-327.178761111111
448,"A3",448,927.240077777778,-479.240077777778
448,"A3",734,559.132355555555,174.867644444445
448,"A3",930,1280.509,-350.508999999999
448,"A3",1326,1214.6336,111.366400000001
448,"A3",1516,1275.75486666667,240.245133333334
448,"A3",1703,803.808394444444,899.191605555556
448,"A4",0,66.4549222222222,-66.4549222222222
448,"A4",27,98.2667,-71.2667
448,"A4",57,100.568844444445,-43.5688444444445
448,"A4",87,164.921777777778,-77.9217777777777
448,"A4",149,276.334505555555,-127.334505555555
448,"A4",267,589.486461111111,-322.486461111111
448,"A4",326,592.947044444444,-266.947044444444
448,"A4",390,678.958772222223,-288.958772222223
448,"A4",448,379.915211111111,68.0847888888891
448,"A4",448,663.929572222223,-215.929572222223
448,"A4",448,675.130344444444,-227.130344444444
448,"A4",448,694.36875,-246.36875
448,"A4",448,685.201483333333,-237.201483333333
448,"A4",448,932.657477777778,-484.657477777778
448,"A4",734,758.149677777778,-24.1496777777777
448,"A4",930,1016.22788333333,-86.227883333333
448,"A4",1130,847.389677777778,282.610322222222
448,"A4",1326,1036.12695,289.873050000001
448,"A4",1516,1205.16050555555,310.839494444445
448,"A4",1703,1216.65452777778,486.345472222224
448,"A5",0,28.1360722222222,-28.1360722222222
448,"A5",27,29.4166333333333,-2.41663333333334
448,"A5",57,185.707538888889,-128.707538888889
448,"A5",87,461.555105555555,-374.555105555555
448,"A5",149,227.858905555555,-78.8589055555554
448,"A5",209,232.565111111111,-23.5651111111107
448,"A5",267,399.715588888889,-132.715588888889
448,"A5",326,688.346627777777,-362.346627777777
448,"A5",390,699.604555555554,-309.604555555554
448,"A5",448,452.990811111111,-4.99081111111104
448,"A5",448,423.418205555555,24.5817944444449
448,"A5",448,576.194433333333,-128.194433333333
448,"A5",448,557.114344444444,-109.114344444444
448,"A5",448,799.947183333333,-351.947183333333
448,"A5",448,807.993944444445,-359.993944444445
448,"A5",734,835.413277777778,-101.413277777778
448,"A5",930,782.987866666667,147.012133333333
448,"A5",1130,841.334572222223,288.665427777777
448,"A5",1326,1195.10117777778,130.898822222223
448,"A5",1516,874.817366666666,641.182633333334
448,"A5",1703,1139.23506111111,563.764938888889
448,"A6",0,129.773905555556,-129.773905555556
448,"A6",27,103.67505,-76.67505
448,"A6",57,76.6767888888889,-19.6767888888889
448,"A6",87,221.087638888889,-134.087638888889
448,"A6",149,205.499627777778,-56.4996277777775
448,"A6",209,238.193177777778,-29.1931777777776
448,"A6",267,353.505172222222,-86.5051722222221
448,"A6",326,329.311927777778,-3.31192777777807
448,"A6",390,474.47725,-84.4772499999999
448,"A6",448,448.826161111111,-0.826161111110764
448,"A6",448,539.206472222222,-91.2064722222218
448,"A6",448,602.15881111111,-154.15881111111
448,"A6",448,566.244566666666,-118.244566666666
448,"A6",448,725.699888888888,-277.699888888888
448,"A6",448,854.42098888889,-406.42098888889
448,"A6",734,719.836144444443,14.1638555555566
448,"A6",930,1131.96797222222,-201.967972222223
448,"A6",1130,1167.26462777778,-37.2646277777785
448,"A6",1326,487.633011111111,838.366988888889
448,"A6",1516,1118.51912222222,397.480877777778
448,"A6",1703,1121.88185555556,581.118144444444
734,"A1",0,21.49615,-21.49615
734,"A1",27,51.6442555555556,-24.6442555555556
734,"A1",57,55.7375944444445,1.26240555555554
734,"A1",87,86.9228833333333,0.0771166666666545
734,"A1",149,239.862627777777,-90.8626277777772
734,"A1",326,304.805277777778,21.1947222222223
734,"A1",390,326.403416666667,63.5965833333333
734,"A1",448,337.712794444444,110.287205555556
734,"A1",734,360.253322222222,373.746677777778
734,"A1",734,515.985566666667,218.014433333333
734,"A1",734,420.317805555556,313.682194444444
734,"A1",734,592.142644444445,141.857355555555
734,"A1",734,881.537322222223,-147.537322222223
734,"A1",734,530.032322222222,203.967677777778
734,"A1",930,1129.56290555556,-199.562905555555
734,"A1",1130,1001.80720555556,128.192794444444
734,"A1",1326,1216.52224444444,109.477755555555
734,"A1",1516,1195.98745555556,320.012544444443
734,"A1",1703,1376.73382777778,326.266172222222
734,"A2",0,73.1013944444443,-73.1013944444443
734,"A2",27,59.3616388888889,-32.3616388888889
734,"A2",57,239.781761111111,-182.781761111111
734,"A2",87,80.3840777777778,6.6159222222222
734,"A2",149,283.988277777778,-134.988277777778
734,"A2",209,371.622944444444,-162.622944444444
734,"A2",267,288.820622222222,-21.8206222222221
734,"A2",326,339.251105555555,-13.2511055555552
734,"A2",390,360.005366666667,29.994633333333
734,"A2",448,512.372561111112,-64.3725611111117
734,"A2",734,365.426088888889,368.573911111111
734,"A2",734,584.988366666667,149.011633333333
734,"A2",734,434.817188888889,299.182811111111
734,"A2",734,552.57295,181.42705
734,"A2",734,770.946616666666,-36.9466166666663
734,"A2",734,616.332572222222,117.667427777778
734,"A2",930,1305.37832777778,-375.378327777779
734,"A2",1130,1419.91672222222,-289.916722222223
734,"A2",1326,1003.59086111111,322.409138888888
734,"A2",1516,1318.29646111111,197.703538888888
734,"A2",1703,1415.62177222222,287.378227777778
734,"A3",0,24.8267833333333,-24.8267833333333
734,"A3",27,40.5389333333333,-13.5389333333333
734,"A3",57,176.256366666667,-119.256366666667
734,"A3",87,370.178383333333,-283.178383333333
734,"A3",149,426.499827777778,-277.499827777778
734,"A3",209,198.96245,10.0375500000001
734,"A3",267,252.95285,14.04715
734,"A3",326,241.556133333333,84.4438666666666
734,"A3",390,392.176872222222,-2.17687222222207
734,"A3",448,538.985194444445,-90.9851944444449
734,"A3",734,397.811127777777,336.188872222223
734,"A3",734,512.128138888889,221.871861111111
734,"A3",734,416.788033333333,317.211966666667
734,"A3",734,538.89353888889,195.10646111111
734,"A3",734,649.183183333334,84.8168166666665
734,"A3",734,619.497794444444,114.502205555556
734,"A3",930,1265.94792222222,-335.947922222222
734,"A3",1326,1136.51193888889,189.488061111112
734,"A3",1516,1299.81870555556,216.181294444445
734,"A3",1703,775.714038888889,927.285961111111
734,"A4",0,38.6301,-38.6301
734,"A4",27,98.1687611111111,-71.1687611111111
734,"A4",57,89.7078833333334,-32.7078833333334
734,"A4",87,153.475316666667,-66.4753166666668
734,"A4",149,256.136416666666,-107.136416666666
734,"A4",267,351.356577777777,-84.3565777777774
734,"A4",326,377.070633333333,-51.0706333333331
734,"A4",390,572.389661111111,-182.389661111111
734,"A4",448,531.920327777779,-83.9203277777785
734,"A4",734,357.438866666667,376.561133333333
734,"A4",734,560.854138888889,173.145861111111
734,"A4",734,500.167694444445,233.832305555555
734,"A4",734,630.219466666667,103.780533333333
734,"A4",734,683.903977777778,50.0960222222222
734,"A4",734,649.123677777777,84.8763222222228
734,"A4",930,885.034799999999,44.9652000000006
734,"A4",1130,813.360377777778,316.639622222222
734,"A4",1326,931.733861111111,394.266138888889
734,"A4",1516,1137.51634444444,378.483655555556
734,"A4",1703,1251.51395555556,451.486044444445
734,"A5",0,31.3796277777778,-31.3796277777778
734,"A5",27,37.0324388888889,-10.0324388888889
734,"A5",57,139.653044444444,-82.6530444444444
734,"A5",87,408.894633333334,-321.894633333334
734,"A5",149,203.86355,-54.8635499999999
734,"A5",209,217.541677777777,-8.54167777777747
734,"A5",267,392.929727777778,-125.929727777778
734,"A5",326,677.02628888889,-351.02628888889
734,"A5",390,665.175022222222,-275.175022222222
734,"A5",448,840.3282,-392.3282
734,"A5",734,358.090644444445,375.909355555555
734,"A5",734,612.8645,121.1355
734,"A5",734,398.459400000001,335.540599999999
734,"A5",734,537.223444444446,196.776555555554
734,"A5",734,713.915261111112,20.0847388888878
734,"A5",734,533.926466666667,200.073533333333
734,"A5",930,711.688955555557,218.311044444443
734,"A5",1130,849.800438888891,280.199561111109
734,"A5",1326,1137.72255555556,188.277444444444
734,"A5",1516,801.739122222223,714.260877777777
734,"A5",1703,1130.5862,572.4138
734,"A6",0,178.994844444444,-178.994844444444
734,"A6",27,140.031344444444,-113.031344444444
734,"A6",57,98.8055833333333,-41.8055833333333
734,"A6",87,267.131411111111,-180.131411111111
734,"A6",149,192.157772222222,-43.157772222222
734,"A6",209,239.546838888889,-30.5468388888885
734,"A6",267,312.765644444444,-45.7656444444442
734,"A6",326,319.979961111111,6.02003888888891
734,"A6",390,452.373911111112,-62.3739111111119
734,"A6",448,924.282294444445,-476.282294444445
734,"A6",734,392.49795,341.50205
734,"A6",734,633.171416666666,100.828583333334
734,"A6",734,556.654316666667,177.345683333333
734,"A6",734,727.294277777778,6.70572222222188
734,"A6",734,895.004372222222,-161.004372222222
734,"A6",734,612.439016666666,121.560983333334
734,"A6",930,1108.22159444444,-178.221594444445
734,"A6",1130,1155.88553333333,-25.8855333333343
734,"A6",1326,413.059505555555,912.940494444445
734,"A6",1516,1123.49795,392.50205
734,"A6",1703,1111.84161111111,591.158388888889
930,"A1",0,22.8485111111111,-22.8485111111111
930,"A1",27,55.6039277777778,-28.6039277777778
930,"A1",57,61.0536111111111,-4.05361111111113
930,"A1",87,104.959911111111,-17.9599111111111
930,"A1",149,278.17945,-129.17945
930,"A1",326,303.183438888889,22.8165611111113
930,"A1",390,337.016261111111,52.9837388888889
930,"A1",448,355.85526111111,92.1447388888896
930,"A1",734,368.220777777778,365.779222222222
930,"A1",930,1176.12700555556,-246.127005555555
930,"A1",930,1242.59662222222,-312.596622222222
930,"A1",930,1426.49272777778,-496.492727777778
930,"A1",930,809.449916666666,120.550083333334
930,"A1",930,906.181922222222,23.8180777777776
930,"A1",930,1359.29545,-429.295450000001
930,"A1",1130,1126.50603333333,3.49396666666621
930,"A1",1326,1236.14418888889,89.855811111114
930,"A1",1516,1208.5642,307.435800000001
930,"A1",1703,1397.64317777778,305.356822222222
930,"A2",0,97.3344555555556,-97.3344555555556
930,"A2",27,66.6964777777778,-39.6964777777778
930,"A2",57,256.349727777778,-199.349727777778
930,"A2",87,76.5644,10.4356
930,"A2",149,355.416333333333,-206.416333333333
930,"A2",209,438.967461111111,-229.967461111111
930,"A2",267,302.791561111111,-35.7915611111108
930,"A2",326,384.470788888889,-58.4707888888888
930,"A2",390,413.598788888888,-23.5987888888879
930,"A2",448,508.313133333334,-60.3131333333336
930,"A2",734,561.704622222222,172.295377777778
930,"A2",930,1249.86845555555,-319.868455555555
930,"A2",930,1413.60026666666,-483.600266666665
930,"A2",930,1473.03293333333,-543.032933333332
930,"A2",930,781.157883333333,148.842116666667
930,"A2",930,951.753005555554,-21.7530055555544
930,"A2",930,1468.09779444444,-538.097794444445
930,"A2",1130,1493.49987222222,-363.499872222221
930,"A2",1326,998.892561111111,327.107438888889
930,"A2",1516,1280.95084444444,235.049155555556
930,"A2",1703,1459.46934444444,243.530655555556
930,"A3",0,23.8879666666667,-23.8879666666667
930,"A3",27,42.9692388888889,-15.9692388888889
930,"A3",57,198.659155555555,-141.659155555555
930,"A3",87,384.129127777778,-297.129127777778
930,"A3",149,428.163916666667,-279.163916666667
930,"A3",209,213.627761111111,-4.62776111111094
930,"A3",267,233.724666666667,33.2753333333335
930,"A3",326,221.013872222222,104.986127777778
930,"A3",390,389.351327777778,0.648672222222103
930,"A3",448,556.182894444445,-108.182894444445
930,"A3",734,477.465844444445,256.534155555555
930,"A3",930,1290.59792222222,-360.597922222224
930,"A3",930,1226.74256666667,-296.742566666668
930,"A3",930,1396.97910555556,-466.979105555556
930,"A3",930,601.454066666667,328.545933333333
930,"A3",930,972.462394444445,-42.462394444445
930,"A3",930,1404.25127222222,-474.251272222223
930,"A3",1326,1202.48707222222,123.512927777778
930,"A3",1516,1273.66515555555,242.334844444445
930,"A3",1703,762.787099999999,940.212900000001
930,"A4",0,82.2747055555555,-82.2747055555555
930,"A4",27,91.8087111111111,-64.8087111111111
930,"A4",57,99.9946277777777,-42.9946277777777
930,"A4",87,170.786538888889,-83.7865388888889
930,"A4",149,274.096827777778,-125.096827777778
930,"A4",267,481.785961111111,-214.785961111111
930,"A4",326,459.430244444445,-133.430244444445
930,"A4",390,588.032305555555,-198.032305555555
930,"A4",448,650.850394444445,-202.850394444445
930,"A4",734,782.826405555556,-48.8264055555557
930,"A4",930,1271.64385555555,-341.643855555555
930,"A4",930,1270.93971666667,-340.939716666666
930,"A4",930,1429.22851666667,-499.228516666666
930,"A4",930,813.546327777778,116.453672222222
930,"A4",930,1100.90046111111,-170.900461111109
930,"A4",930,1397.02935555556,-467.029355555555
930,"A4",1130,928.736816666667,201.263183333333
930,"A4",1326,936.6442,389.3558
930,"A4",1516,1141.22739444444,374.772605555556
930,"A4",1703,1304.31817222222,398.681827777778
930,"A5",0,35.2755666666666,-35.2755666666666
930,"A5",27,38.7342111111111,-11.7342111111111
930,"A5",57,184.027388888889,-127.027388888889
930,"A5",87,469.334355555556,-382.334355555556
930,"A5",149,217.631066666667,-68.6310666666665
930,"A5",209,233.037972222222,-24.0379722222221
930,"A5",267,397.748633333333,-130.748633333333
930,"A5",326,693.923327777779,-367.923327777779
930,"A5",390,669.961133333335,-279.961133333335
930,"A5",448,817.644105555557,-369.644105555557
930,"A5",734,804.348516666667,-70.3485166666666
930,"A5",930,1264.86205555556,-334.862055555556
930,"A5",930,1306.27283888889,-376.272838888891
930,"A5",930,1437.16452777778,-507.16452777778
930,"A5",930,714.235172222223,215.764827777777
930,"A5",930,785.032166666668,144.967833333332
930,"A5",930,1473.56766666667,-543.567666666668
930,"A5",1130,937.958983333334,192.041016666666
930,"A5",1326,1143.96681666667,182.033183333335
930,"A5",1516,800.399366666667,715.600633333333
930,"A5",1703,1023.50577222222,679.494227777778
930,"A6",0,177.857838888889,-177.857838888889
930,"A6",27,146.24435,-119.24435
930,"A6",57,107.551561111111,-50.5515611111112
930,"A6",87,228.396755555556,-141.396755555556
930,"A6",149,220.685549999999,-71.6855499999995
930,"A6",209,240.296133333333,-31.2961333333329
930,"A6",267,363.988755555555,-96.9887555555555
930,"A6",326,332.589677777777,-6.58967777777741
930,"A6",390,453.230688888889,-63.2306888888891
930,"A6",448,922.809933333333,-474.809933333333
930,"A6",734,631.654905555555,102.345094444445
930,"A6",930,1117.13145555555,-187.131455555555
930,"A6",930,1251.87113888889,-321.871138888888
930,"A6",930,1189.98565555555,-259.985655555555
930,"A6",930,752.40535,177.59465
930,"A6",930,872.890605555556,57.1093944444443
930,"A6",930,1213.345,-283.345000000001
930,"A6",1130,1222.2965,-92.2965000000004
930,"A6",1326,480.151166666666,845.848833333334
930,"A6",1516,1187.93845555556,328.061544444445
930,"A6",1703,1254.51521666667,448.484783333333
1130,"A1",0,25.8556888888889,-25.8556888888889
1130,"A1",27,56.4078777777777,-29.4078777777777
1130,"A1",57,61.4196833333333,-4.4196833333333
1130,"A1",87,112.363894444444,-25.3638944444445
1130,"A1",149,302.494238888889,-153.494238888889
1130,"A1",326,307.113666666666,18.8863333333335
1130,"A1",390,332.7321,57.2678999999999
1130,"A1",448,359.015166666667,88.9848333333333
1130,"A1",734,375.90055,358.09945
1130,"A1",930,1089.28452777778,-159.284527777779
1130,"A1",1130,1035.22109444444,94.7789055555563
1130,"A1",1130,1353.61211111111,-223.612111111112
1130,"A1",1130,885.495083333334,244.504916666666
1130,"A1",1130,1030.25747777778,99.7425222222198
1130,"A1",1130,1289.26031666667,-159.260316666666
1130,"A1",1326,1204.27541111111,121.724588888889
1130,"A1",1516,1236.03752777778,279.962472222222
1130,"A1",1703,1376.24703888889,326.752961111111
1130,"A2",0,59.742411111111,-59.742411111111
1130,"A2",27,71.7334944444445,-44.7334944444445
1130,"A2",57,196.104422222222,-139.104422222222
1130,"A2",87,76.1105555555556,10.8894444444444
1130,"A2",149,319.901961111111,-170.901961111111
1130,"A2",209,403.125644444444,-194.125644444444
1130,"A2",267,281.102977777778,-14.1029777777776
1130,"A2",326,373.370755555556,-47.3707555555555
1130,"A2",390,398.226677777777,-8.22667777777741
1130,"A2",448,535.932083333333,-87.9320833333335
1130,"A2",734,553.96755,180.03245
1130,"A2",930,1300.48826111111,-370.488261111111
1130,"A2",1130,879.682788888889,250.317211111111
1130,"A2",1130,1425.8467,-295.8467
1130,"A2",1130,835.56653888889,294.43346111111
1130,"A2",1130,941.500272222222,188.499727777778
1130,"A2",1130,1259.09360555556,-129.093605555556
1130,"A2",1326,893.951588888888,432.048411111112
1130,"A2",1516,1141.81864444444,374.181355555556
1130,"A2",1703,1434.80851666667,268.191483333333
1130,"A3",0,23.6403,-23.6403
1130,"A3",27,40.7161166666667,-13.7161166666667
1130,"A3",57,206.260372222222,-149.260372222222
1130,"A3",87,422.55355,-335.55355
1130,"A3",149,473.826827777778,-324.826827777778
1130,"A3",209,210.415177777778,-1.41517777777759
1130,"A3",267,238.080738888889,28.9192611111114
1130,"A3",326,226.165905555555,99.8340944444447
1130,"A3",390,428.656322222222,-38.6563222222222
1130,"A3",448,601.070522222222,-153.070522222222
1130,"A3",734,481.048788888889,252.951211111111
1130,"A3",930,1351.81575,-421.815749999998
1130,"A3",1130,1043.88501666667,86.1149833333329
1130,"A3",1130,1373.10263888889,-243.102638888888
1130,"A3",1130,922.000016666667,207.999983333333
1130,"A3",1130,972.333477777778,157.666522222222
1130,"A3",1130,1302.86807777778,-172.868077777778
1130,"A3",1326,1195.94261666667,130.057383333333
1130,"A3",1516,1252.33818333333,263.661816666668
1130,"A3",1703,847.237738888888,855.762261111112
1130,"A4",0,72.6272166666666,-72.6272166666666
1130,"A4",27,91.6313055555556,-64.6313055555556
1130,"A4",57,92.4886,-35.4886
1130,"A4",87,164.518488888889,-77.5184888888888
1130,"A4",149,289.919355555555,-140.919355555555
1130,"A4",267,470.280988888889,-203.280988888889
1130,"A4",326,459.014288888889,-133.014288888889
1130,"A4",390,637.430488888889,-247.430488888889
1130,"A4",448,610.985394444445,-162.985394444445
1130,"A4",734,718.447250000001,15.5527499999988
1130,"A4",930,784.965977777778,145.034022222222
1130,"A4",1130,833.356383333334,296.643616666666
1130,"A4",1130,1305.41430555556,-175.414305555558
1130,"A4",1130,777.226138888889,352.773861111111
1130,"A4",1130,1030.29955555556,99.7004444444433
1130,"A4",1130,1080.15001111111,49.8499888888889
1130,"A4",1326,933.50138888889,392.49861111111
1130,"A4",1516,1157.19024444445,358.809755555554
1130,"A4",1703,1204.59275555556,498.407244444444
1130,"A5",0,36.89395,-36.89395
1130,"A5",27,40.2025444444444,-13.2025444444444
1130,"A5",57,172.815177777778,-115.815177777778
1130,"A5",87,441.964994444445,-354.964994444445
1130,"A5",149,217.128433333333,-68.1284333333334
1130,"A5",209,237.362972222222,-28.3629722222221
1130,"A5",267,397.762927777778,-130.762927777778
1130,"A5",326,645.608127777778,-319.608127777778
1130,"A5",390,651.541311111111,-261.541311111111
1130,"A5",448,770.531944444444,-322.531944444444
1130,"A5",734,828.462577777778,-94.4625777777782
1130,"A5",930,731.082422222222,198.917577777778
1130,"A5",1130,1180.98374444444,-50.9837444444438
1130,"A5",1130,1343.44961111111,-213.449611111113
1130,"A5",1130,986.4206,143.5794
1130,"A5",1130,843.20625,286.79375
1130,"A5",1130,1324.04626666667,-194.046266666668
1130,"A5",1326,1116.19474444444,209.805255555556
1130,"A5",1516,793.633316666666,722.366683333334
1130,"A5",1703,1074.39455,628.605450000001
1130,"A6",0,141.709116666667,-141.709116666667
1130,"A6",27,140.232438888889,-113.232438888889
1130,"A6",57,98.2233222222223,-41.2233222222223
1130,"A6",87,211.409611111111,-124.409611111111
1130,"A6",149,215.434266666666,-66.4342666666665
1130,"A6",209,233.988761111111,-24.9887611111106
1130,"A6",267,369.788461111111,-102.788461111111
1130,"A6",326,322.655372222222,3.34462777777833
1130,"A6",390,435.542572222222,-45.542572222222
1130,"A6",448,924.902894444443,-476.902894444443
1130,"A6",734,713.912894444444,20.0871055555563
1130,"A6",930,1100.49352777778,-170.493527777778
1130,"A6",1130,896.198188888889,233.801811111111
1130,"A6",1130,1269.99623333333,-139.996233333332
1130,"A6",1130,830.758549999999,299.241450000001
1130,"A6",1130,906.580055555556,223.419944444444
1130,"A6",1130,1104.08946111111,25.9105388888888
1130,"A6",1326,445.042133333333,880.957866666667
1130,"A6",1516,1078.03435,437.965650000001
1130,"A6",1703,1106.45749444444,596.542505555555
1326,"A1",0,16.8310666666667,-16.8310666666667
1326,"A1",27,49.34695,-22.34695
1326,"A1",57,58.2501833333333,-1.25018333333332
1326,"A1",87,101.105288888889,-14.1052888888889
1326,"A1",149,256.469827777778,-107.469827777778
1326,"A1",326,300.550988888889,25.4490111111112
1326,"A1",390,331.358922222222,58.6410777777781
1326,"A1",448,358.585188888888,89.414811111112
1326,"A1",734,375.402522222222,358.597477777778
1326,"A1",930,1160.8473,-230.847299999998
1326,"A1",1130,1004.49007222222,125.509927777779
1326,"A1",1326,1129.17535555555,196.824644444445
1326,"A1",1326,993.235733333332,332.764266666668
1326,"A1",1326,1128.29170555556,197.708294444445
1326,"A1",1326,936.279277777778,389.720722222222
1326,"A1",1326,1260.97423333333,65.0257666666666
1326,"A1",1326,502.923305555555,823.076694444445
1326,"A1",1516,1113.92389444444,402.076105555555
1326,"A1",1703,1307.17277222222,395.827227777778
1326,"A2",0,92.1751222222221,-92.1751222222221
1326,"A2",27,45.6149111111111,-18.6149111111111
1326,"A2",57,253.348966666667,-196.348966666667
1326,"A2",87,94.5146944444444,-7.51469444444442
1326,"A2",149,324.936594444444,-175.936594444444
1326,"A2",209,377.913694444444,-168.913694444444
1326,"A2",267,311.976383333333,-44.9763833333328
1326,"A2",326,384.511833333333,-58.5118333333326
1326,"A2",390,396.742127777777,-6.74212777777683
1326,"A2",448,574.881977777778,-126.881977777778
1326,"A2",734,583.757422222222,150.242577777778
1326,"A2",930,1303.60965,-373.609650000001
1326,"A2",1130,1413.54520555556,-283.545205555556
1326,"A2",1326,1153.81626666667,172.183733333334
1326,"A2",1326,969.468361111112,356.531638888888
1326,"A2",1326,1164.19436111111,161.80563888889
1326,"A2",1326,1098.29410555555,227.705894444446
1326,"A2",1326,1304.85395,21.1460500000005
1326,"A2",1326,454.394155555555,871.605844444445
1326,"A2",1516,1230.82335555555,285.176644444446
1326,"A2",1703,1423.74438888889,279.255611111112
1326,"A3",0,23.9085333333333,-23.9085333333333
1326,"A3",27,39.2373777777778,-12.2373777777778
1326,"A3",57,211.08935,-154.08935
1326,"A3",87,508.348383333334,-421.348383333334
1326,"A3",149,370.202394444444,-221.202394444444
1326,"A3",209,192.455983333333,16.5440166666668
1326,"A3",267,217.548994444444,49.4510055555559
1326,"A3",326,208.876294444444,117.123705555556
1326,"A3",390,439.978577777777,-49.9785777777772
1326,"A3",448,584.521594444444,-136.521594444444
1326,"A3",734,491.532205555556,242.467794444444
1326,"A3",930,1268.87168333333,-338.871683333334
1326,"A3",1326,1046.30147777778,279.698522222223
1326,"A3",1326,939.41175,386.58825
1326,"A3",1326,1044.99686666667,281.003133333333
1326,"A3",1326,1028.03647222222,297.963527777778
1326,"A3",1326,1166.24317777778,159.756822222222
1326,"A3",1326,458.3819,867.6181
1326,"A3",1516,1235.86234444444,280.137655555556
1326,"A3",1703,954.401744444445,748.598255555555
1326,"A4",0,60.9722111111111,-60.9722111111111
1326,"A4",27,96.9319722222222,-69.9319722222222
1326,"A4",57,80.0685444444444,-23.0685444444444
1326,"A4",87,206.252644444445,-119.252644444445
1326,"A4",149,254.570288888888,-105.570288888888
1326,"A4",267,511.520083333334,-244.520083333334
1326,"A4",326,497.883444444445,-171.883444444445
1326,"A4",390,777.000388888889,-387.000388888889
1326,"A4",448,661.378711111111,-213.378711111111
1326,"A4",734,800.405644444446,-66.4056444444457
1326,"A4",930,710.978738888889,219.021261111111
1326,"A4",1130,625.234038888889,504.765961111111
1326,"A4",1326,786.885883333333,539.114116666667
1326,"A4",1326,712.610627777778,613.389372222222
1326,"A4",1326,690.310716666667,635.689283333333
1326,"A4",1326,666.820922222222,659.179077777778
1326,"A4",1326,1248.40737222222,77.5926277777769
1326,"A4",1326,286.740083333333,1039.25991666667
1326,"A4",1516,741.350966666667,774.649033333333
1326,"A4",1703,1126.33389444444,576.666105555556
1326,"A5",0,34.6073333333333,-34.6073333333333
1326,"A5",27,29.7255277777778,-2.72552777777778
1326,"A5",57,190.322411111111,-133.322411111111
1326,"A5",87,417.226077777778,-330.226077777778
1326,"A5",149,206.520794444444,-57.5207944444445
1326,"A5",209,215.746977777778,-6.7469777777776
1326,"A5",267,398.827072222222,-131.827072222222
1326,"A5",326,611.954072222223,-285.954072222223
1326,"A5",390,592.643966666667,-202.643966666667
1326,"A5",448,646.987350000001,-198.987350000001
1326,"A5",734,697.689811111112,36.310188888888
1326,"A5",930,723.925911111112,206.074088888888
1326,"A5",1130,894.003872222223,235.996127777777
1326,"A5",1326,1009.47344444444,316.526555555556
1326,"A5",1326,843.901111111111,482.098888888889
1326,"A5",1326,1121.50268888889,204.497311111111
1326,"A5",1326,997.207988888889,328.792011111111
1326,"A5",1326,901.704444444443,424.295555555557
1326,"A5",1326,542.131277777778,783.868722222222
1326,"A5",1516,754.20998888889,761.79001111111
1326,"A5",1703,950.005122222221,752.994877777779
1326,"A6",0,205.318327777778,-205.318327777778
1326,"A6",27,96.0565611111111,-69.0565611111111
1326,"A6",57,80.2949777777778,-23.2949777777778
1326,"A6",87,258.181022222222,-171.181022222222
1326,"A6",149,222.62745,-73.6274499999997
1326,"A6",209,247.949655555555,-38.9496555555552
1326,"A6",267,364.444138888889,-97.4441388888887
1326,"A6",326,329.653088888889,-3.65308888888865
1326,"A6",390,447.122655555555,-57.1226555555552
1326,"A6",448,860.067994444446,-412.067994444446
1326,"A6",734,627.4021,106.5979
1326,"A6",930,1134.69811666667,-204.698116666667
1326,"A6",1130,1144.53210555556,-14.5321055555567
1326,"A6",1326,1056.50949444444,269.490505555556
1326,"A6",1326,968.54815,357.45185
1326,"A6",1326,1170.36148333333,155.638516666666
1326,"A6",1326,980.087416666667,345.912583333333
1326,"A6",1326,1309.19066666667,16.809333333332
1326,"A6",1326,394.199338888889,931.800661111111
1326,"A6",1516,1086.30559444444,429.694405555555
1326,"A6",1703,1112.87263888889,590.127361111111
1516,"A1",0,27.1138333333333,-27.1138333333333
1516,"A1",27,54.5592722222222,-27.5592722222222
1516,"A1",57,58.9728055555556,-1.97280555555557
1516,"A1",87,112.971877777778,-25.9718777777777
1516,"A1",149,276.041722222222,-127.041722222222
1516,"A1",326,308.895977777778,17.1040222222221
1516,"A1",390,330.511011111111,59.488988888889
1516,"A1",448,352.911177777777,95.0888222222226
1516,"A1",734,366.485633333333,367.514366666667
1516,"A1",930,1062.29056111111,-132.290561111111
1516,"A1",1130,1080.15241666667,49.8475833333343
1516,"A1",1326,1195.85695555555,130.143044444446
1516,"A1",1516,1133.96654444444,382.033455555557
1516,"A1",1516,1205.143,310.857000000001
1516,"A1",1516,1100.06518888889,415.934811111111
1516,"A1",1516,1121.60086666667,394.399133333334
1516,"A1",1516,913.307344444443,602.692655555557
1516,"A1",1516,1095.05657777778,420.943422222223
1516,"A1",1703,1285.78543333333,417.214566666666
1516,"A2",0,145.527688888889,-145.527688888889
1516,"A2",27,62.2961388888889,-35.2961388888889
1516,"A2",57,262.803038888889,-205.803038888889
1516,"A2",87,78.4114,8.58859999999997
1516,"A2",149,345.376538888889,-196.376538888889
1516,"A2",209,405.217722222222,-196.217722222222
1516,"A2",267,310.230455555556,-43.2304555555556
1516,"A2",326,380.80525,-54.8052499999997
1516,"A2",390,403.445888888889,-13.4458888888885
1516,"A2",448,482.114183333333,-34.1141833333332
1516,"A2",734,589.389722222222,144.610277777778
1516,"A2",930,1219.05311111111,-289.05311111111
1516,"A2",1130,1356.64922777778,-226.649227777777
1516,"A2",1326,996.466427777777,329.533572222223
1516,"A2",1516,1275.3005,240.699500000001
1516,"A2",1516,1340.68634444444,175.313655555557
1516,"A2",1516,1099.7142,416.285800000002
1516,"A2",1516,1252.5175,263.482500000001
1516,"A2",1516,869.581622222223,646.418377777777
1516,"A2",1516,1087.8632,428.1368
1516,"A2",1703,1414.38488888889,288.615111111111
1516,"A3",0,26.1200333333333,-26.1200333333333
1516,"A3",27,44.3879055555555,-17.3879055555555
1516,"A3",57,201.61945,-144.61945
1516,"A3",87,384.019594444444,-297.019594444444
1516,"A3",149,436.920566666666,-287.920566666666
1516,"A3",209,216.954305555555,-7.95430555555532
1516,"A3",267,230.357244444444,36.6427555555559
1516,"A3",326,220.709188888889,105.290811111111
1516,"A3",390,415.083138888889,-25.0831388888888
1516,"A3",448,586.949505555555,-138.949505555555
1516,"A3",734,464.613416666666,269.386583333334
1516,"A3",930,1244.17081666667,-314.170816666667
1516,"A3",1326,993.638122222222,332.361877777778
1516,"A3",1516,996.835622222222,519.164377777778
1516,"A3",1516,1299.29848888889,216.701511111113
1516,"A3",1516,1068.41081111111,447.589188888888
1516,"A3",1516,1269.26151111111,246.73848888889
1516,"A3",1516,974.794400000001,541.205599999999
1516,"A3",1516,1064.27245,451.72755
1516,"A3",1703,827.714433333332,875.285566666668
1516,"A4",0,73.9339888888888,-73.9339888888888
1516,"A4",27,114.988094444444,-87.9880944444445
1516,"A4",57,115.287005555556,-58.2870055555556
1516,"A4",87,165.681555555556,-78.6815555555556
1516,"A4",149,297.59375,-148.59375
1516,"A4",267,502.811622222222,-235.811622222222
1516,"A4",326,476.912655555556,-150.912655555556
1516,"A4",390,546.254166666667,-156.254166666667
1516,"A4",448,551.515138888889,-103.515138888889
1516,"A4",734,659.971405555555,74.0285944444454
1516,"A4",930,740.5579,189.4421
1516,"A4",1130,778.630977777779,351.369022222221
1516,"A4",1326,858.843472222222,467.156527777778
1516,"A4",1516,1083.10535,432.89465
1516,"A4",1516,1117.34977222222,398.650227777778
1516,"A4",1516,1058.96086111111,457.03913888889
1516,"A4",1516,1032.01427777778,483.985722222224
1516,"A4",1516,963.906844444444,552.093155555556
1516,"A4",1516,1067.81042222222,448.189577777779
1516,"A4",1703,1117.71081666667,585.289183333334
1516,"A5",0,45.4768055555555,-45.4768055555555
1516,"A5",27,27.6630833333333,-0.663083333333333
1516,"A5",57,171.628633333333,-114.628633333333
1516,"A5",87,496.638111111112,-409.638111111112
1516,"A5",149,211.5886,-62.5885999999999
1516,"A5",209,227.266216666666,-18.2662166666665
1516,"A5",267,396.033566666666,-129.033566666666
1516,"A5",326,616.566116666667,-290.566116666667
1516,"A5",390,671.863533333334,-281.863533333334
1516,"A5",448,790.385972222222,-342.385972222222
1516,"A5",734,715.163022222223,18.8369777777773
1516,"A5",930,690.013988888891,239.986011111109
1516,"A5",1130,829.775255555556,300.224744444444
1516,"A5",1326,1006.60022777778,319.399772222223
1516,"A5",1516,1219.57067777778,296.429322222225
1516,"A5",1516,1399.39039444444,116.609605555558
1516,"A5",1516,1103.85155,412.148450000001
1516,"A5",1516,1199.91344444444,316.086555555557
1516,"A5",1516,702.664616666668,813.335383333332
1516,"A5",1516,1026.07242222222,489.927577777779
1516,"A5",1703,1033.75121666667,669.248783333334
1516,"A6",0,117.233527777778,-117.233527777778
1516,"A6",27,90.6846555555555,-63.6846555555555
1516,"A6",57,56.9802111111111,0.0197888888888684
1516,"A6",87,209.65985,-122.65985
1516,"A6",149,216.654977777777,-67.6549777777774
1516,"A6",209,230.167116666666,-21.1671166666663
1516,"A6",267,367.271733333333,-100.271733333333
1516,"A6",326,327.630911111111,-1.63091111111112
1516,"A6",390,438.498038888888,-48.4980388888885
1516,"A6",448,860.134550000001,-412.134550000001
1516,"A6",734,653.139294444445,80.8607055555555
1516,"A6",930,1168.02777777778,-238.027777777777
1516,"A6",1130,1201.74430555556,-71.7443055555555
1516,"A6",1326,419.800127777778,906.199872222222
1516,"A6",1516,1221.01867222222,294.981327777778
1516,"A6",1516,1283.35979444444,232.640205555557
1516,"A6",1516,1047.50141111111,468.49858888889
1516,"A6",1516,1228.12381111111,287.876188888889
1516,"A6",1516,946.781227777778,569.218772222222
1516,"A6",1516,1058.0392,457.960800000001
1516,"A6",1703,1143.71292222222,559.287077777778
1703,"A1",0,23.6476222222222,-23.6476222222222
1703,"A1",27,58.2867111111111,-31.2867111111111
1703,"A1",57,58.8967,-1.89670000000003
1703,"A1",87,108.183744444444,-21.1837444444444
1703,"A1",149,280.509155555555,-131.509155555555
1703,"A1",326,308.490238888889,17.5097611111113
1703,"A1",390,337.514877777778,52.4851222222221
1703,"A1",448,355.228983333333,92.771016666667
1703,"A1",734,367.705088888889,366.294911111111
1703,"A1",930,1040.94998888889,-110.949988888888
1703,"A1",1130,919.290183333332,210.709816666668
1703,"A1",1326,1161.00000555555,164.999994444445
1703,"A1",1516,1142.19717777778,373.802822222223
1703,"A1",1703,1148.38653888889,554.613461111111
1703,"A1",1703,1230.24559444444,472.754405555556
1703,"A1",1703,832.394433333334,870.605566666666
1703,"A1",1703,1164.30904444444,538.690955555557
1703,"A1",1703,1256.15628888889,446.843711111111
1703,"A1",1703,1070.16513333333,632.834866666667
1703,"A2",0,25.3288333333333,-25.3288333333333
1703,"A2",27,51.2065333333333,-24.2065333333333
1703,"A2",57,215.687088888889,-158.687088888889
1703,"A2",87,81.6073,5.3927
1703,"A2",149,336.893061111111,-187.893061111111
1703,"A2",209,459.98486111111,-250.98486111111
1703,"A2",267,312.408094444444,-45.4080944444444
1703,"A2",326,375.899372222222,-49.8993722222224
1703,"A2",390,392.562533333333,-2.56253333333331
1703,"A2",448,516.1869,-68.1869000000002
1703,"A2",734,546.154861111111,187.845138888889
1703,"A2",930,1108.04896666667,-178.048966666667
1703,"A2",1130,1226.91874444444,-96.9187444444449
1703,"A2",1326,1013.30072222222,312.699277777778
1703,"A2",1516,1200.98957222222,315.010427777779
1703,"A2",1703,1287.72166111111,415.278338888889
1703,"A2",1703,1165.35917777778,537.640822222223
1703,"A2",1703,790.777505555555,912.222494444445
1703,"A2",1703,1211.13666111111,491.863338888891
1703,"A2",1703,1236.02443333333,466.975566666668
1703,"A2",1703,1026.78942222222,676.210577777779
1703,"A3",0,23.0260166666667,-23.0260166666667
1703,"A3",27,41.0171777777778,-14.0171777777778
1703,"A3",57,207.088161111111,-150.088161111111
1703,"A3",87,375.494505555555,-288.494505555555
1703,"A3",149,377.574177777777,-228.574177777777
1703,"A3",209,207.270861111111,1.72913888888911
1703,"A3",267,242.502866666666,24.4971333333336
1703,"A3",326,229.427911111111,96.5720888888891
1703,"A3",390,397.605361111111,-7.60536111111054
1703,"A3",448,575.759888888889,-127.759888888889
1703,"A3",734,495.366822222222,238.633177777778
1703,"A3",930,1120.13639444444,-190.136394444443
1703,"A3",1326,1208.76102777778,117.238972222223
1703,"A3",1516,1227.591,288.409000000001
1703,"A3",1703,1298.40761666667,404.592383333333
1703,"A3",1703,1245.51496111111,457.485038888889
1703,"A3",1703,782.285227777777,920.714772222223
1703,"A3",1703,1180.92737777778,522.072622222223
1703,"A3",1703,1239.88311111111,463.116888888891
1703,"A3",1703,1080.03343888889,622.966561111112
1703,"A4",0,56.6462333333332,-56.6462333333332
1703,"A4",27,90.8930777777778,-63.8930777777778
1703,"A4",57,89.5557777777777,-32.5557777777777
1703,"A4",87,175.124888888889,-88.1248888888888
1703,"A4",149,229.462572222222,-80.4625722222221
1703,"A4",267,455.916961111111,-188.916961111111
1703,"A4",326,429.985355555556,-103.985355555556
1703,"A4",390,449.208294444444,-59.2082944444443
1703,"A4",448,519.904555555555,-71.9045555555554
1703,"A4",734,643.050033333333,90.9499666666669
1703,"A4",930,688.549711111111,241.450288888889
1703,"A4",1130,832.192916666667,297.807083333333
1703,"A4",1326,1099.1708,226.829200000001
1703,"A4",1516,1213.94913888889,302.050861111112
1703,"A4",1703,1222.57612777778,480.423872222223
1703,"A4",1703,1234.36806666667,468.631933333334
1703,"A4",1703,805.388422222222,897.611577777778
1703,"A4",1703,1205.40669444444,497.593305555557
1703,"A4",1703,1269.82303333333,433.176966666667
1703,"A4",1703,1043.34847777778,659.651522222223
1703,"A5",0,16.78845,-16.78845
1703,"A5",27,32.41285,-5.41285000000001
1703,"A5",57,184.95095,-127.95095
1703,"A5",87,424.080944444445,-337.080944444445
1703,"A5",149,208.447916666667,-59.4479166666667
1703,"A5",209,228.040211111111,-19.0402111111111
1703,"A5",267,405.070155555556,-138.070155555556
1703,"A5",326,670.099433333334,-344.099433333334
1703,"A5",390,670.80095,-280.80095
1703,"A5",448,768.19243888889,-320.19243888889
1703,"A5",734,788.146022222223,-54.1460222222232
1703,"A5",930,741.682616666668,188.317383333332
1703,"A5",1130,784.65333888889,345.34666111111
1703,"A5",1326,1138.43226111111,187.56773888889
1703,"A5",1516,809.492794444446,706.507205555554
1703,"A5",1703,1230.33843333333,472.661566666667
1703,"A5",1703,1148.29229444444,554.707705555556
1703,"A5",1703,820.445205555556,882.554794444444
1703,"A5",1703,1135.01642222222,567.983577777778
1703,"A5",1703,1096.85243888889,606.147561111112
1703,"A5",1703,1030.81865,672.18135
1703,"A6",0,101.134561111111,-101.134561111111
1703,"A6",27,97.3078166666667,-70.3078166666667
1703,"A6",57,87.8513111111111,-30.8513111111111
1703,"A6",87,213.035877777778,-126.035877777778
1703,"A6",149,223.913583333333,-74.9135833333327
1703,"A6",209,229.994405555555,-20.9944055555554
1703,"A6",267,363.3237,-96.3237000000004
1703,"A6",326,324.92685,1.07315000000011
1703,"A6",390,451.961544444444,-61.9615444444436
1703,"A6",448,889.063411111111,-441.063411111111
1703,"A6",734,660.797333333332,73.2026666666676
1703,"A6",930,1009.33996666667,-79.3399666666662
1703,"A6",1130,1018.95697777778,111.043022222222
1703,"A6",1326,412.666022222221,913.333977777779
1703,"A6",1516,1096.29173888889,419.708261111112
1703,"A6",1703,1328.56816666667,374.431833333333
1703,"A6",1703,1128.60840555556,574.391594444444
1703,"A6",1703,831.19696111111,871.80303888889
1703,"A6",1703,1207.47446666667,495.525533333334
1703,"A6",1703,1279.69511666667,423.304883333334
1703,"A6",1703,1015.45511666667,687.544883333334
